generation,single-policy_found_failures,single-policy_mean_tcp_score,single-policy_mean_failure_rate,single-policy_qd_tcp_score,single-policy_qd_failure_rate,single-policy_added_to_archive,single-policy_replaced_elite,single-policy_num_valid_test_cases,single-policy_num_sim_steps,single-policy_not_confirmed_solvable,multi-policy_found_failures,multi-policy_mean_tcp_score,multi-policy_mean_failure_rate,multi-policy_qd_tcp_score,multi-policy_qd_failure_rate,multi-policy_added_to_archive,multi-policy_replaced_elite,multi-policy_num_valid_test_cases,multi-policy_num_sim_steps,multi-policy_not_confirmed_solvable
1,2,1.0,-1,2.0,-1,51,0,2,2186,0,6,0.15555556,-1,0.93333334,-1,51,0,6,32932,0
2,2,1.0,-1,3.0,-1,39,0,3,2176,1,13,0.11111112,-1,1.6666667,-1,39,2,15,32750,1
3,4,1.0,-1,6.0,-1,39,2,6,2157,2,16,0.1636364,-1,3.6000009,-1,39,3,22,32473,2
4,46,1.0,-1,17.0,-1,44,3,17,1767,12,90,0.26976746,-1,11.6,-1,44,11,43,27394,12
5,78,1.0,-1,29.0,-1,28,6,29,1394,27,116,0.35026458,-1,22.066668,-1,28,14,63,22429,27
6,79,0.99999994,-1,41.0,-1,30,7,41,1323,30,120,0.3757576,-1,28.933336,-1,30,8,77,21002,30
7,88,1.0,-1,51.0,-1,34,5,51,1274,25,136,0.39925933,-1,35.93334,-1,34,9,90,20173,25
8,100,1.0,-1,64.0,-1,28,5,64,1104,33,137,0.40617287,-1,43.86667,-1,28,10,108,18767,33
9,101,1.0,-1,75.0,-1,31,6,75,1127,32,134,0.43278688,-1,52.800003,-1,31,12,122,18980,32
10,114,1.0,-1,85.0,-1,21,6,85,1029,30,144,0.46268663,-1,62.000008,-1,21,12,134,17919,30
11,99,1.0,-1,92.0,-1,22,3,92,1140,31,133,0.46392697,-1,67.73334,-1,22,6,146,18890,31
12,119,1.0,-1,106.0,-1,20,10,106,1062,20,151,0.46586835,-1,77.80001,-1,20,17,167,18480,20
13,96,1.0,-1,114.0,-1,24,3,114,1117,35,126,0.45598534,-1,82.53334,-1,24,7,181,18246,35
14,119,1.0,-1,129.0,-1,15,8,129,1058,23,148,0.47666666,-1,95.333336,-1,15,19,200,18551,23
15,93,1.0,-1,139.0,-1,21,4,139,1194,30,132,0.48653853,-1,101.20001,-1,21,7,208,19312,30
16,104,1.0,-1,154.0,-1,19,11,154,1087,32,134,0.50029767,-1,112.06667,-1,19,17,224,18453,32
17,110,1.0,-1,168.0,-1,17,7,168,1023,35,137,0.5137256,-1,122.26668,-1,17,14,238,17582,35
18,114,1.0,-1,182.0,-1,20,8,182,1026,30,142,0.51802856,-1,133.13335,-1,20,15,257,18199,30
19,117,0.99999994,-1,189.0,-1,9,6,189,1074,21,147,0.5280899,-1,141.0,-1,9,19,267,18625,21
20,97,1.0,-1,196.0,-1,12,5,196,1162,31,129,0.5268352,-1,145.93335,-1,12,12,277,18992,31
21,128,1.0,-1,204.0,-1,12,3,204,1054,17,148,0.53310025,-1,152.46667,-1,12,14,286,19606,17
22,104,1.0,-1,211.0,-1,18,3,211,1065,38,128,0.54175204,-1,158.73335,-1,18,15,293,18237,38
23,105,1.0,-1,221.0,-1,16,6,221,1127,30,136,0.55076253,-1,168.53334,-1,16,13,306,18426,30
24,113,1.0,-1,225.0,-1,13,3,225,1030,31,141,0.5467092,-1,171.66667,-1,13,7,314,17749,31
25,104,1.0,-1,231.0,-1,16,4,231,1013,41,126,0.54849434,-1,176.06668,-1,16,11,321,17523,41
26,96,0.99999994,-1,235.0,-1,12,2,235,1135,33,132,0.5475178,-1,180.13335,-1,12,10,329,18558,33
27,104,0.99999994,-1,242.0,-1,15,4,242,1034,41,131,0.54882354,-1,186.6,-1,15,10,340,17422,41
28,113,0.99999994,-1,249.0,-1,8,6,249,1091,26,149,0.55949616,-1,192.46667,-1,8,12,344,17474,26
29,103,1.0,-1,258.0,-1,17,3,258,1124,28,132,0.5537454,-1,197.13335,-1,17,7,356,18724,28
30,113,1.0,-1,264.0,-1,15,2,264,1107,23,143,0.54728264,-1,201.40001,-1,15,7,368,18162,23
31,101,1.0,-1,270.0,-1,12,4,270,1086,38,134,0.54768157,-1,208.66667,-1,12,14,381,18062,38
32,103,1.0,-1,275.0,-1,10,3,275,1157,28,133,0.55171824,-1,214.06668,-1,10,13,388,18703,28
33,98,1.0,-1,277.0,-1,14,2,277,1140,36,131,0.5541347,-1,216.66669,-1,14,6,391,18046,36
34,115,1.0,-1,281.0,-1,7,3,281,1084,22,151,0.556287,-1,219.73335,-1,7,9,395,17353,22
35,102,1.0,-1,288.0,-1,14,5,288,1157,28,138,0.5614558,-1,226.2667,-1,14,12,403,18559,28
36,112,1.0,-1,294.0,-1,8,6,294,1123,23,144,0.56317925,-1,231.46667,-1,8,15,411,18505,23
37,106,1.0,-1,299.0,-1,10,3,299,1103,32,141,0.56249017,-1,237.93335,-1,10,17,423,17973,32
38,101,0.99999994,-1,307.0,-1,14,5,307,1107,36,126,0.56245214,-1,244.66669,-1,14,13,435,18277,36
39,101,1.0,-1,313.0,-1,10,2,313,1107,37,133,0.5617758,-1,248.86668,-1,10,7,443,17388,37
40,108,0.99999994,-1,318.0,-1,9,4,318,1134,28,137,0.5626489,-1,252.06668,-1,9,9,448,17765,28
41,103,1.0,-1,322.0,-1,11,1,322,1121,30,137,0.5605263,-1,255.6,-1,11,3,456,18504,30
42,97,1.0,-1,326.0,-1,10,0,326,1195,27,148,0.56063217,-1,260.13333,-1,10,9,464,18160,27
43,104,0.99999994,-1,332.0,-1,12,2,332,1114,30,133,0.55710274,-1,264.0667,-1,12,9,474,18418,30
44,86,1.0,-1,333.0,-1,4,1,333,1248,32,126,0.5561625,-1,264.73334,-1,4,5,476,19514,32
45,101,1.0,-1,337.0,-1,12,1,337,1149,28,141,0.5507187,-1,268.2,-1,12,4,487,17951,28
46,109,1.0,-1,343.0,-1,8,5,343,1133,25,148,0.5497644,-1,272.13336,-1,8,6,495,18704,25
47,107,1.0,-1,348.0,-1,10,3,348,1099,27,144,0.5518519,-1,278.13336,-1,10,14,504,17600,27
48,88,1.0,-1,349.0,-1,6,0,349,1195,37,129,0.5500326,-1,281.06668,-1,6,11,511,18467,37
49,103,1.0,-1,350.0,-1,11,1,350,1127,27,137,0.5473617,-1,283.53336,-1,11,11,518,18268,27
50,100,1.0,-1,353.0,-1,5,2,353,1112,34,133,0.5480487,-1,285.53336,-1,5,7,521,18037,34
51,101,1.0,-1,354.0,-1,9,1,354,1198,24,138,0.5440657,-1,287.2667,-1,9,10,528,19684,24
52,112,1.0,-1,359.0,-1,11,4,359,1129,24,146,0.5424299,-1,290.2,-1,11,8,535,18730,24
53,111,1.0,-1,366.0,-1,6,6,366,1118,24,142,0.54217315,-1,294.40002,-1,6,14,543,18747,24
54,112,1.0,-1,372.0,-1,7,4,372,1007,34,139,0.5401213,-1,297.0667,-1,7,8,550,16966,34
55,107,0.99999994,-1,378.0,-1,8,5,378,1071,32,127,0.5418619,-1,300.73334,-1,8,11,555,17587,32
56,111,1.0,-1,381.0,-1,9,3,381,1051,30,137,0.5421272,-1,304.13336,-1,9,8,561,18025,30
57,93,1.0,-1,386.0,-1,9,4,386,1168,33,132,0.54525083,-1,308.0667,-1,9,12,565,17737,33
58,107,1.0,-1,389.0,-1,7,3,389,1087,31,135,0.5444445,-1,310.33337,-1,7,7,570,17864,31
59,96,1.0,-1,396.0,-1,9,6,396,1173,32,142,0.5419392,-1,314.86667,-1,9,13,581,18792,32
60,116,1.0,-1,399.0,-1,3,3,399,1037,27,143,0.54452056,-1,318.0,-1,3,9,584,17559,27
61,104,1.0,-1,402.0,-1,9,2,402,1136,28,134,0.54154027,-1,321.13336,-1,9,11,593,18405,28
62,110,1.0,-1,405.0,-1,12,2,405,1136,21,141,0.54109824,-1,325.20004,-1,12,11,601,18468,21
63,106,1.0,-1,412.0,-1,13,4,412,1178,23,135,0.5428885,-1,329.53336,-1,13,10,607,19540,23
64,116,1.0,-1,417.0,-1,7,3,417,1080,24,141,0.542981,-1,333.93335,-1,7,11,615,18524,24
65,104,1.0,-1,420.0,-1,2,3,420,1135,29,136,0.5478591,-1,336.93335,-1,2,7,615,18484,29
66,110,1.0,-1,420.0,-1,5,0,420,1008,40,137,0.5484603,-1,338.40002,-1,5,7,617,16646,40
67,116,0.99999994,-1,425.0,-1,5,4,425,1104,21,140,0.55048233,-1,342.40002,-1,5,10,622,18599,21
68,96,1.0,-1,430.0,-1,10,2,430,1124,39,131,0.55068785,-1,346.93335,-1,10,11,630,18198,39
69,105,0.99999994,-1,438.0,-1,8,6,438,1102,30,136,0.552021,-1,350.53336,-1,8,9,635,18011,30
70,112,1.0,-1,439.0,-1,5,1,439,1076,26,131,0.553009,-1,352.2667,-1,5,9,637,18367,26
71,104,1.0,-1,445.0,-1,4,5,445,1130,31,136,0.5538941,-1,355.60004,-1,4,7,642,18405,31
72,98,1.0,-1,447.0,-1,5,2,447,1155,29,131,0.55514216,-1,358.0667,-1,5,7,645,18579,29
73,102,1.0,-1,449.0,-1,2,1,449,1099,34,133,0.5583075,-1,360.6667,-1,2,10,646,18070,34
74,111,1.0,-1,452.0,-1,4,3,452,1104,24,146,0.55815387,-1,362.80002,-1,4,11,650,17798,24
75,100,1.0,-1,452.0,-1,5,0,452,1170,31,134,0.55752945,-1,364.0667,-1,5,5,653,18298,31
76,100,1.0,-1,458.0,-1,6,5,458,1060,42,128,0.55760324,-1,369.13336,-1,6,19,662,17501,42
77,110,1.0,-1,462.0,-1,3,4,462,1140,24,138,0.5596993,-1,372.2,-1,3,9,665,18754,24
78,114,1.0,-1,467.0,-1,5,4,467,1065,29,148,0.5582962,-1,375.73337,-1,5,12,673,18014,29
79,108,1.0,-1,471.0,-1,10,0,471,1142,24,144,0.5547059,-1,377.2,-1,10,3,680,18440,24
80,115,1.0,-1,472.0,-1,2,1,472,1113,21,147,0.55286694,-1,379.2667,-1,2,8,686,18645,21
81,100,1.0,-1,472.0,-1,5,0,472,1165,27,137,0.5509179,-1,380.13336,-1,5,6,690,18160,27
82,100,0.99999994,-1,475.0,-1,5,3,475,1157,32,130,0.5488729,-1,381.46667,-1,5,6,695,18714,32
83,107,1.0,-1,479.0,-1,3,4,479,1114,31,141,0.5483381,-1,384.93335,-1,3,11,702,17874,31
84,102,0.99999994,-1,484.0,-1,7,4,484,1108,31,130,0.54849344,-1,388.33334,-1,7,7,708,18255,31
85,93,0.99999994,-1,492.0,-1,4,7,492,1152,37,123,0.54901963,-1,392.0,-1,4,6,714,18823,37
86,107,1.0,-1,496.0,-1,3,4,496,1060,36,136,0.5483751,-1,393.73337,-1,3,8,718,17260,36
87,101,0.99999994,-1,498.0,-1,4,2,498,1199,27,142,0.5462247,-1,395.46667,-1,4,5,724,19244,27
88,102,1.0,-1,500.0,-1,6,0,500,1094,37,136,0.54549617,-1,397.6667,-1,6,3,729,17954,37
89,106,0.99999994,-1,503.0,-1,1,3,503,1116,29,137,0.54553735,-1,399.33337,-1,1,7,732,18402,29
90,113,1.0,-1,506.0,-1,5,2,506,1145,21,148,0.5448526,-1,400.46667,-1,5,5,735,18345,21
91,104,1.0,-1,506.0,-1,5,0,506,1081,31,133,0.54528993,-1,401.33337,-1,5,3,736,17669,31
92,107,1.0,-1,510.0,-1,3,3,510,1053,37,131,0.5458559,-1,403.93335,-1,3,8,740,16785,37
93,107,1.0,-1,512.0,-1,3,1,512,1143,26,139,0.5460917,-1,405.2,-1,3,5,742,18108,26
94,110,1.0,-1,517.0,-1,10,2,517,1093,30,137,0.546274,-1,408.06668,-1,10,4,747,18251,30
95,111,1.0,-1,520.0,-1,5,1,520,1078,31,146,0.54711115,-1,410.33337,-1,5,5,750,17438,31
96,112,1.0,-1,521.0,-1,5,1,521,1099,23,143,0.54625946,-1,411.33337,-1,5,6,753,17834,23
97,104,1.0,-1,526.0,-1,2,5,526,1104,33,140,0.54832447,-1,414.53333,-1,2,13,756,17895,33
98,80,1.0,-1,528.0,-1,8,2,528,1279,37,120,0.5477193,-1,416.26666,-1,8,6,760,19661,37
99,111,1.0,-1,530.0,-1,3,2,530,1133,21,144,0.5487113,-1,418.6667,-1,3,8,763,18211,21
100,114,1.0,0.5471805,532.0,291.1,4,2,532,1072,29,150,0.5459202,0.51041675,419.2667,392.00003,4,6,768,17166,29
101,104,1.0,-1,534.0,-1,5,1,534,1147,29,137,0.5456982,-1,420.73334,-1,5,3,771,18205,29
102,104,1.0,-1,537.0,-1,5,3,537,1131,32,139,0.54563445,-1,422.8667,-1,5,5,775,18369,32
103,103,1.0,-1,538.0,-1,3,1,538,1157,29,133,0.5454312,-1,423.80005,-1,3,7,777,18632,29
104,103,1.0,-1,540.0,-1,7,1,540,1187,25,135,0.54390454,-1,425.33337,-1,7,5,782,19174,25
105,103,1.0,-1,543.0,-1,4,1,543,1114,32,134,0.542132,-1,427.20004,-1,4,7,788,18461,32
106,108,1.0,-1,544.0,-1,8,1,544,1150,22,144,0.54184586,-1,428.60004,-1,8,5,791,18474,22
107,102,1.0,-1,546.0,-1,3,2,546,1123,31,135,0.540201,-1,430.0,-1,3,7,796,18383,31
108,108,1.0,-1,548.0,-1,4,2,548,1087,31,139,0.5409357,-1,431.6667,-1,4,5,798,18294,31
109,100,1.0,-1,552.0,-1,2,2,552,1218,27,133,0.54006654,-1,433.13336,-1,2,6,802,19724,27
110,104,1.0,-1,554.0,-1,2,2,554,1061,35,133,0.53953683,-1,434.8667,-1,2,7,806,17488,35
111,115,1.0,-1,556.0,-1,5,2,556,1062,28,145,0.539769,-1,436.13336,-1,5,6,808,17509,28
112,109,1.0,-1,560.0,-1,5,3,560,1131,28,142,0.5393194,-1,438.46667,-1,5,6,813,17514,28
113,104,1.0,-1,560.0,-1,5,0,560,1175,27,141,0.53946835,-1,439.6667,-1,5,6,815,18812,27
114,110,1.0,-1,561.0,-1,0,1,561,1075,30,144,0.53920853,-1,440.53336,-1,0,5,817,17852,30
115,104,1.0,-1,562.0,-1,2,1,562,1198,22,135,0.5404325,-1,441.53336,-1,2,3,817,19630,22
116,105,0.99999994,-1,564.0,-1,2,2,564,1147,29,140,0.54026085,-1,441.93335,-1,2,3,818,17974,29
117,100,1.0,-1,566.0,-1,0,2,566,1158,30,135,0.54008955,-1,442.33334,-1,0,4,819,18631,30
118,110,1.0,-1,568.0,-1,4,1,568,1134,29,135,0.54088515,-1,444.0667,-1,4,7,821,17773,29
119,94,1.0,-1,572.0,-1,4,3,572,1153,36,131,0.54000807,-1,447.6667,-1,4,12,829,18360,36
120,118,1.0,-1,574.0,-1,5,2,574,1132,18,147,0.5405536,-1,449.20004,-1,5,6,831,18741,18
121,100,1.0,-1,575.0,-1,4,0,575,1210,26,126,0.54124707,-1,451.40005,-1,4,4,834,18858,26
122,95,1.0,-1,578.0,-1,6,2,578,1222,30,132,0.53985685,-1,452.40002,-1,6,5,838,19392,30
123,96,1.0,-1,580.0,-1,4,2,580,1204,27,139,0.53910637,-1,454.46667,-1,4,4,843,18838,27
124,102,1.0,-1,582.0,-1,1,1,582,1171,28,132,0.5390996,-1,455.00003,-1,1,4,844,18772,28
125,94,1.0,-1,584.0,-1,2,2,584,1235,30,124,0.5407584,-1,456.40002,-1,2,7,844,19452,30
126,101,1.0,-1,588.0,-1,5,3,588,1072,37,130,0.54205984,-1,459.66672,-1,5,5,848,16947,37
127,99,1.0,-1,591.0,-1,1,3,591,1161,37,140,0.5407669,-1,460.73337,-1,1,6,852,17593,37
128,113,1.0,-1,594.0,-1,2,3,594,1042,30,146,0.54112154,-1,463.20004,-1,2,10,856,17222,30
129,101,1.0,-1,597.0,-1,3,2,597,1129,38,129,0.5418903,-1,464.40002,-1,3,3,857,18047,38
130,113,1.0,-1,600.0,-1,4,2,600,1125,24,143,0.543345,-1,466.73334,-1,4,9,859,18349,24
131,96,1.0,-1,601.0,-1,2,0,601,1170,35,130,0.54285717,-1,467.40002,-1,2,4,861,18460,35
132,106,1.0,-1,604.0,-1,3,2,604,1097,28,134,0.54353034,-1,469.0667,-1,3,5,863,18111,28
133,117,1.0,-1,607.0,-1,3,3,607,1105,25,146,0.54386777,-1,471.5334,-1,3,8,867,18368,25
134,100,1.0,-1,610.0,-1,3,3,610,1213,24,149,0.54248667,-1,474.13336,-1,3,10,874,19440,24
135,106,1.0,-1,612.0,-1,2,2,612,1171,25,143,0.544,-1,476.00003,-1,2,5,875,18885,25
136,110,1.0,-1,613.0,-1,2,1,613,1166,18,144,0.54445714,-1,476.40002,-1,2,5,875,19082,18
137,102,1.0,-1,615.0,-1,3,2,615,1207,27,136,0.54503995,-1,478.00003,-1,3,4,877,19106,27
138,103,1.0,-1,616.0,-1,2,1,616,1138,33,132,0.54502666,-1,478.5334,-1,2,4,878,18048,33
139,87,1.0,-1,619.0,-1,2,3,619,1263,31,129,0.5456679,-1,480.73337,-1,2,9,881,19547,31
140,110,1.0,-1,622.0,-1,3,2,622,1099,26,140,0.5459419,-1,482.0667,-1,3,4,883,18035,26
141,96,1.0,-1,622.0,-1,3,0,622,1159,33,127,0.5440812,-1,482.60004,-1,3,6,887,18729,33
142,104,1.0,-1,624.0,-1,5,2,624,1105,34,129,0.5447576,-1,483.2,-1,5,1,887,18145,34
143,99,1.0,-1,625.0,-1,3,1,625,1194,26,135,0.544282,-1,483.8667,-1,3,2,889,18873,26
144,111,1.0,-1,627.0,-1,4,1,627,1107,25,145,0.5448431,-1,486.0,-1,4,4,892,18044,25
145,110,1.0,-1,630.0,-1,3,2,630,1216,19,151,0.5441341,-1,487.00003,-1,3,7,895,19466,19
146,103,1.0,-1,631.0,-1,6,1,631,1160,25,136,0.5439496,-1,488.4667,-1,6,6,898,18562,25
147,98,1.0,-1,634.0,-1,2,2,634,1206,28,138,0.5433112,-1,490.0667,-1,2,6,902,19291,28
148,96,1.0,-1,635.0,-1,3,1,635,1252,24,136,0.5424042,-1,490.33337,-1,3,2,904,19866,24
149,105,1.0,-1,639.0,-1,5,3,639,1176,24,141,0.5420513,-1,493.2667,-1,5,8,910,18429,24
150,105,1.0,-1,640.0,-1,3,1,640,1211,20,149,0.5409836,-1,495.0,-1,3,6,915,19213,20
151,113,1.0,-1,641.0,-1,2,1,641,1112,20,141,0.5413392,-1,495.8667,-1,2,5,916,18672,20
152,110,0.99999994,-1,642.0,-1,3,1,642,1149,22,151,0.5400725,-1,496.8667,-1,3,6,920,18543,22
153,87,1.0,-1,644.0,-1,6,1,644,1293,26,123,0.53902704,-1,498.6,-1,6,8,925,19740,26
154,102,1.0,-1,644.0,-1,1,0,644,1165,28,138,0.53887093,-1,499.53336,-1,1,6,927,18891,28
155,104,1.0,-1,645.0,-1,3,1,645,1205,23,132,0.53979886,-1,500.93335,-1,3,5,928,20216,23
156,103,1.0,-1,646.0,-1,1,1,646,1196,26,143,0.5398567,-1,502.0667,-1,1,7,930,18663,26
157,104,1.0,-1,646.0,-1,1,0,646,1180,25,136,0.5393419,-1,502.6667,-1,1,3,932,18968,25
158,88,1.0,-1,646.0,-1,4,0,646,1144,42,129,0.5391211,-1,503.0,-1,4,4,933,17557,42
159,101,1.0,-1,648.0,-1,5,2,648,1186,23,134,0.5392514,-1,504.20004,-1,5,6,935,18967,23
160,90,1.0,-1,648.0,-1,1,0,648,1226,28,136,0.53658885,-1,505.46667,-1,1,13,942,18474,28
161,104,1.0,-1,650.0,-1,3,2,650,1135,30,137,0.53523415,-1,506.8667,-1,3,6,947,18119,30
162,94,1.0,-1,652.0,-1,1,2,652,1233,26,131,0.5358623,-1,508.53336,-1,1,7,949,19705,26
163,110,1.0,-1,655.0,-1,3,3,655,1145,25,144,0.53634775,-1,510.0667,-1,3,7,951,18723,25
164,100,0.99999994,-1,656.0,-1,3,0,656,1211,27,139,0.53598887,-1,511.33337,-1,3,4,954,18377,27
165,123,1.0,-1,657.0,-1,5,1,657,1057,27,141,0.53598326,-1,512.4,-1,5,3,956,17862,27
166,94,1.0,-1,658.0,-1,2,1,658,1235,26,142,0.53611404,-1,514.13336,-1,2,8,959,18634,26
167,106,1.0,-1,659.0,-1,3,0,659,1097,29,145,0.53610826,-1,515.2,-1,3,3,961,17444,29
168,99,1.0,-1,662.0,-1,3,2,662,1183,28,133,0.5370717,-1,517.2,-1,3,5,963,18389,28
169,112,1.0,-1,665.0,-1,2,2,665,1089,26,142,0.5375388,-1,519.80005,-1,2,6,967,17930,26
170,107,1.0,-1,667.0,-1,2,2,667,1107,27,140,0.53774107,-1,520.5334,-1,2,5,968,17244,27
171,100,1.0,-1,667.0,-1,4,0,667,1209,22,140,0.53718215,-1,521.06665,-1,4,3,970,18712,22
172,102,1.0,-1,668.0,-1,2,1,668,1218,20,144,0.53737587,-1,522.8667,-1,2,6,973,19115,20
173,107,1.0,-1,671.0,-1,3,2,671,1197,19,150,0.5373634,-1,524.46674,-1,3,8,976,18683,19
174,108,1.0,-1,672.0,-1,3,1,672,1168,21,145,0.5385929,-1,525.6667,-1,3,8,976,18697,21
175,95,1.0,-1,672.0,-1,0,0,672,1272,24,138,0.53879225,-1,526.4,-1,0,6,977,20080,24
176,96,1.0,-1,672.0,-1,2,0,672,1181,31,133,0.53905934,-1,527.2001,-1,2,6,978,18295,31
177,95,1.0,-1,674.0,-1,0,2,674,1132,40,135,0.53925776,-1,527.93335,-1,0,7,979,17824,40
178,92,1.0,-1,675.0,-1,1,1,675,1232,31,125,0.5394496,-1,529.2001,-1,1,8,981,19253,31
179,104,1.0,-1,678.0,-1,1,3,678,1194,25,144,0.54019016,-1,530.46674,-1,1,5,982,18522,25
180,91,1.0,-1,678.0,-1,3,0,678,1171,36,118,0.54019016,-1,530.46674,-1,3,0,982,19128,36
181,97,1.0,-1,680.0,-1,2,1,680,1185,36,136,0.5399729,-1,531.3334,-1,2,2,984,18570,36
182,101,1.0,-1,681.0,-1,2,1,681,1173,30,135,0.54029053,-1,533.2667,-1,2,6,987,18841,30
183,90,1.0,-1,684.0,-1,1,3,684,1203,36,129,0.54007417,-1,534.13336,-1,1,7,989,19230,36
184,110,1.0,-1,689.0,-1,2,4,689,1114,25,147,0.5410463,-1,537.80005,-1,2,8,994,17592,25
185,99,1.0,-1,690.0,-1,2,1,690,1209,28,139,0.54204357,-1,539.3334,-1,2,6,995,19292,28
186,96,1.0,-1,693.0,-1,4,3,693,1216,26,137,0.54228467,-1,541.2001,-1,4,13,998,18885,26
187,98,1.0,-1,696.0,-1,0,3,696,1132,36,130,0.5434101,-1,542.8667,-1,0,8,999,18202,36
188,109,1.0,-1,699.0,-1,3,1,699,1114,28,135,0.5443224,-1,544.8667,-1,3,2,1001,18591,28
189,108,1.0,-1,701.0,-1,1,2,701,1082,28,143,0.5456963,-1,547.3334,-1,1,9,1003,17719,28
190,98,1.0,-1,702.0,-1,1,1,702,1143,33,133,0.54634804,-1,548.5334,-1,1,3,1004,18428,33
191,112,1.0,-1,704.0,-1,2,1,704,1086,28,144,0.54736847,-1,551.2001,-1,2,10,1007,17485,28
192,106,0.99999994,-1,705.0,-1,1,1,705,1051,36,133,0.54809666,-1,551.93335,-1,1,4,1007,17231,36
193,110,1.0,-1,707.0,-1,1,2,707,1125,25,141,0.5470627,-1,552.5333,-1,1,5,1010,18559,25
194,110,1.0,-1,708.0,-1,2,1,708,1197,17,145,0.5474309,-1,554.0,-1,2,6,1012,18525,17
195,102,1.0,-1,709.0,-1,0,1,709,1165,29,142,0.5471538,-1,554.2667,-1,0,4,1013,18769,29
196,105,1.0,-1,709.0,-1,2,0,709,1190,26,140,0.5470085,-1,554.6666,-1,2,3,1014,18739,26
197,98,1.0,-1,709.0,-1,0,0,709,1201,28,135,0.54727155,-1,554.93335,-1,0,3,1014,18462,28
198,97,1.0,-1,711.0,-1,0,2,711,1258,25,140,0.5479948,-1,555.6667,-1,0,5,1014,19508,25
199,94,1.0,-1,713.0,-1,1,2,713,1219,28,134,0.54790026,-1,556.6667,-1,1,6,1016,18995,28
200,104,1.0,0.530112,714.0,378.5,3,1,714,1075,33,130,0.5481336,0.51222986,558.0,521.44995,3,4,1018,17420,33
201,99,1.0,-1,714.0,-1,1,0,714,1119,35,134,0.54790854,-1,558.8667,-1,1,8,1020,18403,35
202,88,1.0,-1,715.0,-1,2,1,715,1204,35,134,0.54915047,-1,560.1334,-1,2,6,1020,17899,35
203,105,1.0,-1,715.0,-1,0,0,715,1201,22,150,0.5488084,-1,560.3334,-1,0,3,1021,18236,22
204,103,1.0,-1,718.0,-1,1,3,718,1177,26,142,0.5496905,-1,562.3334,-1,1,5,1023,18185,26
205,83,1.0,-1,720.0,-1,1,2,720,1283,32,122,0.5508773,-1,565.2001,-1,1,10,1026,19434,32
206,97,1.0,-1,721.0,-1,2,1,721,1157,33,129,0.55060047,-1,565.4667,-1,2,2,1027,18369,33
207,98,1.0,-1,723.0,-1,2,2,723,1252,21,147,0.5506317,-1,566.60004,-1,2,4,1029,18964,21
208,102,1.0,-1,725.0,-1,2,1,725,1259,22,142,0.55064607,-1,568.2667,-1,2,6,1032,19925,22
209,109,1.0,-1,725.0,-1,2,0,725,1073,32,143,0.5505647,-1,568.73334,-1,2,3,1033,16953,32
210,105,1.0,-1,727.0,-1,0,2,727,1162,24,138,0.550677,-1,569.4,-1,0,5,1034,19081,24
211,97,1.0,-1,729.0,-1,2,2,729,1149,33,127,0.55004823,-1,570.4,-1,2,7,1037,18200,33
212,104,1.0,-1,732.0,-1,3,2,732,1195,22,144,0.55,-1,572.0,-1,3,4,1040,18898,22
213,108,1.0,-1,736.0,-1,1,4,736,1117,28,136,0.5505274,-1,574.2001,-1,1,9,1043,17810,28
214,95,1.0,-1,738.0,-1,2,2,738,1110,40,135,0.5506552,-1,574.3334,-1,2,2,1043,16491,40
215,102,1.0,-1,740.0,-1,1,2,740,1181,28,140,0.55126,-1,576.0667,-1,1,6,1045,18544,28
216,114,1.0,-1,742.0,-1,1,2,742,1099,25,144,0.54971427,-1,577.2,-1,1,8,1050,18574,25
217,113,1.0,-1,745.0,-1,3,2,745,1122,24,142,0.550364,-1,579.5333,-1,3,3,1053,18067,24
218,90,1.0,-1,745.0,-1,1,0,745,1179,36,128,0.5505377,-1,580.2667,-1,1,2,1054,18319,36
219,115,1.0,-1,746.0,-1,1,0,746,1103,21,156,0.55075765,-1,581.60004,-1,1,3,1056,17435,21
220,100,1.0,-1,746.0,-1,2,0,746,1185,29,139,0.55080426,-1,582.2001,-1,2,3,1057,18770,29
221,101,1.0,-1,747.0,-1,0,1,747,1100,33,135,0.5514178,-1,583.4,-1,0,5,1058,17477,33
222,107,1.0,-1,747.0,-1,1,0,747,1154,28,136,0.55204797,-1,584.0667,-1,1,3,1058,18369,28
223,109,1.0,-1,750.0,-1,0,3,750,1138,27,144,0.5538994,-1,587.13336,-1,0,7,1060,18360,27
224,111,1.0,-1,753.0,-1,1,3,753,1151,19,142,0.5543001,-1,588.66675,-1,1,5,1062,18412,19
225,102,1.0,-1,754.0,-1,0,1,754,1180,21,140,0.55415493,-1,589.0667,-1,0,2,1063,18173,21
226,108,1.0,-1,755.0,-1,1,0,755,1155,21,148,0.5541159,-1,590.1334,-1,1,3,1065,18709,21
227,88,1.0,-1,755.0,-1,2,0,755,1257,30,131,0.5540964,-1,590.66675,-1,2,2,1066,18754,30
228,96,1.0,-1,757.0,-1,0,2,757,1140,35,133,0.55528456,-1,591.93335,-1,0,5,1066,18146,35
229,107,1.0,-1,758.0,-1,1,1,758,1166,26,145,0.55524343,-1,593.0,-1,1,8,1068,18021,26
230,100,1.0,-1,758.0,-1,0,0,758,1185,27,142,0.5554932,-1,593.2667,-1,0,3,1068,18111,27
231,93,1.0,-1,760.0,-1,3,2,760,1252,28,137,0.5553483,-1,595.3334,-1,3,8,1072,19378,28
232,106,1.0,-1,761.0,-1,1,1,761,1176,23,140,0.55530727,-1,596.4,-1,1,3,1074,19564,23
233,105,1.0,-1,763.0,-1,3,2,763,1219,20,145,0.55485475,-1,598.1334,-1,3,6,1078,18995,20
234,117,1.0,-1,763.0,-1,0,0,763,1113,24,148,0.5545876,-1,598.4,-1,0,2,1079,18052,24
235,99,1.0,-1,766.0,-1,3,3,766,1186,30,135,0.554773,-1,598.60004,-1,3,2,1079,18476,30
236,113,1.0,-1,767.0,-1,3,1,767,1080,27,143,0.554795,-1,599.7334,-1,3,4,1081,18010,27
237,102,1.0,-1,767.0,-1,4,0,767,1160,29,139,0.55471355,-1,600.2001,-1,4,4,1082,18257,29
238,103,1.0,-1,768.0,-1,0,1,768,1152,26,143,0.5553297,-1,600.8667,-1,0,4,1082,17994,26
239,101,1.0,-1,769.0,-1,1,1,769,1152,32,145,0.5542243,-1,601.3334,-1,1,2,1085,18272,32
240,96,1.0,-1,770.0,-1,1,1,770,1218,32,124,0.55438924,-1,602.0667,-1,1,5,1086,19414,32
241,118,1.0,-1,773.0,-1,1,3,773,1132,22,146,0.55461514,-1,602.8667,-1,1,8,1087,18441,22
242,103,1.0,-1,775.0,-1,0,2,775,1184,28,140,0.5540674,-1,603.9334,-1,0,5,1090,19134,28
243,99,1.0,-1,775.0,-1,0,0,775,1184,31,133,0.5539261,-1,604.3334,-1,0,5,1091,19364,31
244,96,0.99999994,-1,776.0,-1,1,1,776,1202,28,130,0.5541094,-1,604.5333,-1,1,3,1091,18778,28
245,105,1.0,-1,777.0,-1,0,1,777,1130,30,135,0.5542125,-1,605.2001,-1,0,2,1092,18561,30
246,97,1.0,-1,778.0,-1,2,1,778,1181,31,138,0.5544984,-1,606.0667,-1,2,5,1093,18272,31
247,111,1.0,-1,780.0,-1,1,2,780,1213,18,149,0.55338806,-1,607.0667,-1,1,8,1097,19285,18
248,102,1.0,-1,781.0,-1,3,0,781,1276,18,140,0.5536734,-1,607.93335,-1,3,2,1098,20056,18
249,102,1.0,-1,784.0,-1,1,2,784,1190,28,138,0.55402297,-1,610.5333,-1,1,7,1102,18723,28
250,100,1.0,-1,785.0,-1,2,1,785,1133,33,141,0.55370206,-1,610.7334,-1,2,3,1103,17659,33
251,109,1.0,-1,785.0,-1,2,0,785,1094,29,145,0.55218315,-1,611.2667,-1,2,3,1107,17397,29
252,93,1.0,-1,785.0,-1,0,0,785,1214,30,133,0.5525445,-1,611.66675,-1,0,3,1107,19362,30
253,102,1.0,-1,788.0,-1,0,3,788,1218,23,138,0.55238956,-1,612.60004,-1,0,6,1109,19452,23
254,108,1.0,-1,791.0,-1,0,3,791,1175,24,141,0.55317104,-1,613.4667,-1,0,7,1109,18319,24
255,105,1.0,-1,793.0,-1,2,1,793,1160,24,141,0.55411416,-1,615.0667,-1,2,5,1110,18327,24
256,111,0.99999994,-1,794.0,-1,1,1,794,1176,20,148,0.5539569,-1,616.00006,-1,1,5,1112,18560,20
257,107,1.0,-1,795.0,-1,1,1,795,1221,17,153,0.5534411,-1,616.5334,-1,1,5,1114,18867,17
258,100,1.0,-1,797.0,-1,2,1,797,1168,35,140,0.55376345,-1,618.0,-1,2,2,1116,18173,35
259,109,1.0,-1,801.0,-1,1,4,801,1208,21,144,0.55460244,-1,620.6001,-1,1,7,1119,18660,21
260,101,1.0,-1,802.0,-1,0,1,802,1173,28,131,0.5545238,-1,621.06665,-1,0,3,1120,18853,28
261,103,1.0,-1,802.0,-1,1,0,802,1128,31,133,0.55420756,-1,621.2667,-1,1,3,1121,18318,31
262,102,1.0,-1,804.0,-1,1,1,804,1202,28,145,0.55431116,-1,623.60004,-1,1,6,1125,18888,28
263,101,1.0,-1,804.0,-1,0,0,804,1175,28,141,0.55417407,-1,624.0,-1,0,2,1126,18938,28
264,114,1.0,-1,805.0,-1,3,1,805,1140,20,148,0.55451053,-1,624.93335,-1,3,3,1127,18008,20
265,97,1.0,-1,808.0,-1,2,3,808,1214,31,137,0.5544917,-1,625.4667,-1,2,4,1128,18956,31
266,111,1.0,-1,811.0,-1,0,3,811,1154,23,139,0.55549645,-1,626.60004,-1,0,5,1128,19049,23
267,102,1.0,-1,812.0,-1,0,1,812,1115,32,140,0.55484825,-1,627.5333,-1,0,3,1131,17646,32
268,108,1.0,-1,812.0,-1,0,0,812,1166,24,147,0.5552609,-1,628.00006,-1,0,3,1131,18690,24
269,109,1.0,-1,812.0,-1,2,0,812,1165,27,146,0.55481035,-1,628.6001,-1,2,6,1133,18839,27
270,101,1.0,-1,813.0,-1,2,1,813,1184,31,130,0.5550265,-1,629.4,-1,2,5,1134,18892,31
271,116,1.0,-1,813.0,-1,3,0,813,1095,26,144,0.55420697,-1,630.13336,-1,3,3,1137,18782,26
272,103,1.0,-1,815.0,-1,0,2,815,1220,25,144,0.55483305,-1,631.4,-1,0,7,1138,18774,25
273,96,1.0,-1,815.0,-1,0,0,815,1257,27,138,0.55495024,-1,631.5334,-1,0,1,1138,19574,27
274,103,1.0,-1,816.0,-1,3,1,816,1262,16,146,0.55452424,-1,633.2667,-1,3,6,1142,19483,16
275,94,1.0,-1,816.0,-1,0,0,816,1344,25,144,0.55462235,-1,633.93335,-1,0,3,1143,20091,25
276,104,1.0,-1,817.0,-1,1,1,817,1234,22,139,0.5544872,-1,634.3334,-1,1,4,1144,19857,22
277,103,1.0,-1,819.0,-1,0,2,819,1193,29,140,0.55493456,-1,635.4,-1,0,5,1145,19221,29
278,105,1.0,-1,820.0,-1,2,0,820,1165,25,140,0.55571055,-1,637.4,-1,2,5,1147,18331,25
279,94,1.0,-1,821.0,-1,2,0,821,1247,28,125,0.55545884,-1,637.66675,-1,2,1,1148,19620,28
280,97,1.0,-1,821.0,-1,2,0,821,1233,27,135,0.5555942,-1,638.93335,-1,2,6,1150,19213,27
281,108,1.0,-1,822.0,-1,2,0,822,1147,25,139,0.5558645,-1,639.80005,-1,2,0,1151,18559,25
282,98,1.0,-1,823.0,-1,1,1,823,1177,34,133,0.5559028,-1,640.4,-1,1,4,1152,18414,34
283,100,1.0,-1,826.0,-1,0,3,826,1296,19,143,0.55625004,-1,640.80005,-1,0,3,1152,20633,19
284,84,1.0,-1,826.0,-1,3,0,826,1288,30,117,0.5555171,-1,641.0667,-1,3,2,1154,19813,30
285,106,1.0,-1,827.0,-1,2,1,827,1168,26,142,0.55636376,-1,642.6001,-1,2,7,1155,18437,26
286,92,1.0,-1,828.0,-1,0,1,828,1252,28,126,0.5557477,-1,643.00006,-1,0,5,1157,19195,28
287,100,1.0,-1,830.0,-1,1,2,830,1192,27,138,0.5567444,-1,645.2667,-1,1,6,1159,19092,27
288,102,1.0,-1,830.0,-1,1,0,830,1206,28,139,0.5563021,-1,645.8667,-1,1,3,1161,18626,28
289,100,1.0,-1,831.0,-1,1,1,831,1214,23,143,0.5561102,-1,646.2001,-1,1,3,1162,18857,23
290,101,1.0,-1,831.0,-1,1,0,831,1245,19,141,0.5563397,-1,646.46674,-1,1,1,1162,19050,19
291,93,1.0,-1,832.0,-1,0,1,832,1284,26,134,0.5567955,-1,648.66675,-1,0,6,1165,20271,26
292,108,1.0,-1,835.0,-1,1,3,835,1165,25,143,0.5568124,-1,649.80005,-1,1,3,1167,18801,25
293,100,0.99999994,-1,836.0,-1,2,1,836,1207,26,137,0.55684936,-1,650.4001,-1,2,3,1168,18927,26
294,95,0.99999994,-1,836.0,-1,0,0,836,1230,32,130,0.5577055,-1,651.4,-1,0,3,1168,19673,32
295,96,0.99999994,-1,837.0,-1,1,1,837,1226,28,136,0.55757064,-1,651.80005,-1,1,2,1169,19241,28
296,97,1.0,-1,838.0,-1,0,1,838,1254,25,145,0.5569599,-1,652.2001,-1,0,3,1171,19131,25
297,101,1.0,-1,839.0,-1,2,0,839,1248,24,138,0.55777216,-1,654.2667,-1,2,8,1173,19458,24
298,103,1.0,-1,839.0,-1,0,0,839,1210,26,135,0.5579427,-1,654.46674,-1,0,1,1173,19514,26
299,116,1.0,-1,840.0,-1,0,1,840,1180,16,158,0.5584895,-1,655.6667,-1,0,4,1174,18395,16
300,106,1.0,0.5178741,842.0,436.05,0,2,842,1179,26,142,0.55757576,0.51988107,656.2667,611.9,0,5,1177,18776,26
301,94,1.0,-1,845.0,-1,0,3,845,1291,25,135,0.557725,-1,657.00006,-1,0,5,1178,19904,25
302,107,1.0,-1,847.0,-1,0,2,847,1110,32,138,0.5584607,-1,657.8667,-1,0,1,1178,18171,32
303,95,1.0,-1,849.0,-1,1,2,849,1311,25,133,0.55815667,-1,658.0667,-1,1,3,1179,20815,25
304,95,1.0,-1,849.0,-1,1,0,849,1325,22,138,0.55830514,-1,658.80005,-1,1,4,1180,20268,22
305,103,1.0,-1,851.0,-1,1,2,851,1164,28,148,0.5579808,-1,659.5333,-1,1,4,1182,18289,28
306,95,1.0,-1,852.0,-1,0,1,852,1188,33,123,0.5572996,-1,660.4,-1,0,4,1185,19239,33
307,109,1.0,-1,853.0,-1,0,1,853,1176,27,144,0.55848104,-1,661.80005,-1,0,4,1185,18792,27
308,110,1.0,-1,855.0,-1,2,2,855,1273,14,138,0.55896574,-1,662.93335,-1,2,5,1186,20131,14
309,111,0.99999994,-1,856.0,-1,0,1,856,1198,20,142,0.55930305,-1,663.3334,-1,0,2,1186,19289,20
310,107,1.0,-1,859.0,-1,0,3,859,1186,25,139,0.5597643,-1,665.00006,-1,0,6,1188,19111,25
311,96,1.0,-1,861.0,-1,0,2,861,1240,29,142,0.55938375,-1,665.6667,-1,0,4,1190,19629,29
312,100,0.99999994,-1,862.0,-1,1,1,862,1272,23,145,0.55924994,-1,666.0667,-1,1,2,1191,19760,23
313,109,1.0,-1,864.0,-1,0,2,864,1175,24,148,0.55967563,-1,667.13336,-1,0,5,1192,18251,24
314,98,1.0,-1,865.0,-1,1,1,865,1209,29,134,0.5592965,-1,667.80005,-1,1,4,1194,18985,29
315,94,1.0,-1,865.0,-1,1,0,865,1262,25,132,0.55899584,-1,668.0,-1,1,2,1195,19388,25
316,103,1.0,-1,865.0,-1,0,0,865,1208,25,143,0.55886286,-1,668.4,-1,0,3,1196,18680,25
317,92,1.0,-1,866.0,-1,0,1,866,1281,27,137,0.55870897,-1,669.3334,-1,0,4,1198,19699,27
318,95,0.99999994,-1,867.0,-1,1,1,867,1211,30,138,0.558799,-1,670.00006,-1,1,3,1199,18284,30
319,107,1.0,-1,869.0,-1,2,2,869,1217,21,146,0.5591667,-1,671.00006,-1,2,3,1200,18997,21
320,99,1.0,-1,871.0,-1,0,2,871,1303,16,151,0.5589787,-1,671.3334,-1,0,1,1201,19977,16
321,100,1.0,-1,873.0,-1,0,2,873,1207,29,134,0.55926853,-1,672.80005,-1,0,5,1203,18962,29
322,92,1.0,-1,873.0,-1,1,0,873,1275,28,123,0.559601,-1,673.2,-1,1,2,1203,20359,28
323,94,1.0,-1,875.0,-1,3,1,875,1290,25,142,0.559204,-1,674.4,-1,3,2,1206,19155,25
324,111,0.99999994,-1,876.0,-1,1,1,876,1227,18,156,0.5588641,-1,675.6667,-1,1,7,1209,18374,18
325,105,0.99999994,-1,876.0,-1,0,0,876,1238,22,145,0.5583265,-1,676.13336,-1,0,3,1211,19041,22
326,102,0.99999994,-1,876.0,-1,2,0,876,1188,28,140,0.5586359,-1,677.0667,-1,2,5,1212,18738,28
327,91,0.99999994,-1,876.0,-1,1,0,876,1219,29,129,0.55885595,-1,677.3334,-1,1,2,1212,19027,29
328,110,1.0,-1,878.0,-1,1,2,878,1150,23,142,0.5597361,-1,678.4001,-1,1,4,1212,18602,23
329,102,1.0,-1,878.0,-1,1,0,878,1157,31,133,0.55984604,-1,678.5334,-1,1,2,1212,18552,31
330,100,1.0,-1,878.0,-1,2,0,878,1263,22,135,0.55980235,-1,679.6001,-1,2,5,1214,20406,22
331,103,0.99999994,-1,879.0,-1,0,1,879,1214,22,139,0.55989033,-1,680.2667,-1,0,2,1215,18784,22
332,99,1.0,-1,881.0,-1,1,1,881,1240,22,142,0.55987966,-1,681.9334,-1,1,6,1218,18935,22
333,111,1.0,-1,882.0,-1,1,1,882,1235,17,155,0.5599454,-1,683.13336,-1,1,6,1220,19218,17
334,93,1.0,-1,883.0,-1,1,1,883,1264,28,133,0.5600547,-1,683.2667,-1,1,2,1220,19673,28
335,102,1.0,-1,884.0,-1,0,1,884,1210,27,135,0.55979276,-1,684.0667,-1,0,4,1222,18795,27
336,94,1.0,-1,884.0,-1,1,0,884,1184,32,129,0.56017464,-1,684.5334,-1,1,3,1222,18753,32
337,102,1.0,-1,884.0,-1,1,0,884,1270,19,139,0.560502,-1,684.9334,-1,1,2,1222,19757,19
338,101,1.0,-1,886.0,-1,0,2,886,1174,33,134,0.56027216,-1,686.3334,-1,0,5,1225,19104,33
339,82,1.0,-1,886.0,-1,0,0,886,1351,29,129,0.56038094,-1,686.4667,-1,0,2,1225,20742,29
340,102,0.99999994,-1,887.0,-1,0,1,887,1171,27,136,0.5609571,-1,687.7334,-1,0,3,1226,18847,27
341,104,1.0,-1,888.0,-1,2,1,888,1185,27,139,0.5609889,-1,688.3334,-1,2,3,1227,18477,27
342,99,1.0,-1,889.0,-1,1,1,889,1275,23,138,0.56126934,-1,689.80005,-1,1,6,1229,19522,23
343,102,1.0,-1,892.0,-1,1,3,892,1263,25,140,0.56066024,-1,690.7334,-1,1,8,1232,20081,25
344,88,1.0,-1,894.0,-1,1,2,894,1247,31,128,0.5605079,-1,691.66675,-1,1,5,1234,19484,31
345,96,1.0,-1,894.0,-1,4,0,894,1175,31,129,0.56001085,-1,692.7334,-1,4,2,1237,18391,31
346,106,1.0,-1,897.0,-1,2,3,897,1164,32,139,0.56055963,-1,694.5334,-1,2,6,1239,18897,32
347,95,1.0,-1,897.0,-1,2,0,897,1218,30,131,0.56055963,-1,694.5334,-1,2,0,1239,18778,30
348,96,1.0,-1,897.0,-1,0,0,897,1171,34,138,0.55997854,-1,694.93335,-1,0,4,1241,17837,34
349,98,1.0,-1,898.0,-1,2,1,898,1234,30,129,0.5599357,-1,696.00006,-1,2,5,1243,19921,30
350,91,0.99999994,-1,899.0,-1,0,1,899,1304,27,129,0.5599465,-1,697.13336,-1,0,5,1245,20013,27
351,99,1.0,-1,900.0,-1,0,1,900,1164,27,133,0.5600536,-1,697.2667,-1,0,1,1245,18827,27
352,96,1.0,-1,902.0,-1,0,2,902,1241,27,134,0.5605137,-1,698.4,-1,0,5,1246,19111,27
353,98,1.0,-1,902.0,-1,1,0,902,1234,28,138,0.5603315,-1,698.7334,-1,1,2,1247,18868,28
354,99,1.0,-1,902.0,-1,1,0,902,1153,33,131,0.56052357,-1,699.5334,-1,1,8,1248,18134,33
355,102,1.0,-1,904.0,-1,1,2,904,1165,32,136,0.56133336,-1,701.6667,-1,1,5,1250,18444,32
356,104,1.0,-1,906.0,-1,1,2,906,1167,26,139,0.5621867,-1,702.7334,-1,1,3,1250,18448,26
357,104,1.0,-1,907.0,-1,0,1,907,1198,25,148,0.5624301,-1,703.60004,-1,0,2,1251,18471,25
358,106,1.0,-1,907.0,-1,2,0,907,1147,30,138,0.5624301,-1,703.60004,-1,2,0,1251,18223,30
359,104,1.0,-1,910.0,-1,0,3,910,1209,26,139,0.56270283,-1,705.06665,-1,0,5,1253,19060,26
360,104,1.0,-1,911.0,-1,1,1,911,1214,24,144,0.5627858,-1,705.7334,-1,1,4,1254,19309,24
361,95,1.0,-1,913.0,-1,0,2,913,1297,24,149,0.562839,-1,705.80005,-1,0,1,1254,19883,24
362,92,1.0,-1,913.0,-1,0,0,913,1278,29,133,0.5629453,-1,705.9334,-1,0,2,1254,19911,29
363,111,1.0,-1,913.0,-1,1,0,913,1205,22,147,0.5629985,-1,706.00006,-1,1,1,1254,19353,22
364,88,1.0,-1,915.0,-1,1,2,915,1334,25,128,0.5637427,-1,706.93335,-1,1,2,1254,20165,25
365,102,1.0,-1,915.0,-1,0,0,915,1226,25,143,0.5637716,-1,707.5334,-1,0,5,1255,19092,25
366,97,1.0,-1,915.0,-1,0,0,915,1318,21,147,0.5641435,-1,708.00006,-1,0,3,1255,20271,21
367,102,1.0,-1,916.0,-1,1,1,916,1313,15,151,0.5639066,-1,708.2667,-1,1,2,1256,19386,15
368,107,1.0,-1,916.0,-1,0,0,916,1167,29,138,0.56401277,-1,708.4,-1,0,2,1256,18786,29
369,96,1.0,-1,918.0,-1,3,2,918,1257,24,132,0.5644905,-1,709.00006,-1,3,2,1256,19964,24
370,102,0.99999994,-1,920.0,-1,2,2,920,1299,18,140,0.5643349,-1,709.93335,-1,2,7,1258,20595,18
371,93,1.0,-1,921.0,-1,0,1,921,1359,27,131,0.56404555,-1,710.13336,-1,0,2,1259,20371,27
372,92,1.0,-1,921.0,-1,0,0,921,1251,26,135,0.5639683,-1,710.60004,-1,0,3,1260,19462,26
373,101,1.0,-1,922.0,-1,0,1,922,1243,24,142,0.564131,-1,711.93335,-1,0,6,1262,19357,24
374,111,1.0,-1,924.0,-1,0,2,924,1105,31,134,0.5648178,-1,712.80005,-1,0,3,1262,18727,31
375,97,1.0,-1,924.0,-1,1,0,924,1229,25,144,0.5644234,-1,712.8667,-1,1,1,1263,19215,25
376,104,1.0,-1,924.0,-1,0,0,924,1140,30,146,0.5641351,-1,713.0667,-1,0,1,1264,17594,30
377,108,1.0,-1,925.0,-1,0,1,925,1158,26,140,0.56460977,-1,713.66675,-1,0,5,1264,18446,26
378,93,1.0,-1,925.0,-1,1,0,925,1247,33,128,0.5643215,-1,713.8667,-1,1,1,1265,19778,33
379,99,1.0,-1,926.0,-1,0,1,926,1173,32,132,0.5645323,-1,714.13336,-1,0,1,1265,18514,32
380,112,1.0,-1,926.0,-1,1,0,926,1167,25,143,0.5642444,-1,714.3334,-1,1,3,1266,18609,25
381,106,1.0,-1,926.0,-1,0,0,926,1220,22,140,0.5643497,-1,714.46674,-1,0,1,1266,19805,22
382,93,0.99999994,-1,927.0,-1,0,1,927,1252,27,130,0.56388015,-1,715.0,-1,0,3,1268,19424,27
383,100,0.99999994,-1,927.0,-1,0,0,927,1153,33,141,0.5640905,-1,715.2667,-1,0,2,1268,18502,33
384,96,1.0,-1,929.0,-1,0,2,929,1326,23,137,0.56294554,-1,716.0668,-1,0,6,1272,19975,23
385,118,1.0,-1,930.0,-1,0,1,930,1211,12,153,0.56294554,-1,716.0668,-1,0,0,1272,19351,12
386,95,1.0,-1,930.0,-1,0,0,930,1238,27,136,0.5627128,-1,716.3334,-1,0,3,1273,19922,27
387,104,1.0,-1,930.0,-1,0,0,930,1133,32,135,0.5625328,-1,716.66675,-1,0,3,1274,18580,32
388,109,1.0,-1,931.0,-1,0,1,931,1102,29,137,0.56289905,-1,717.13336,-1,0,4,1274,17930,29
389,107,1.0,-1,932.0,-1,1,1,932,1234,18,142,0.56290495,-1,718.2667,-1,1,2,1276,19965,18
390,100,0.99999994,-1,933.0,-1,1,1,933,1141,32,134,0.56277734,-1,718.6667,-1,1,4,1277,18338,32
391,91,0.99999994,-1,933.0,-1,0,0,933,1199,40,129,0.56303835,-1,719.0,-1,0,3,1277,17917,40
392,100,1.0,-1,935.0,-1,0,2,935,1236,29,136,0.5629167,-1,720.5334,-1,0,5,1280,19674,29
393,101,1.0,-1,935.0,-1,0,0,935,1264,19,141,0.5635417,-1,721.3334,-1,0,3,1280,19364,19
394,96,1.0,-1,935.0,-1,0,0,935,1251,26,137,0.5623799,-1,721.5334,-1,0,3,1283,19239,26
395,107,1.0,-1,935.0,-1,0,0,935,1209,27,140,0.56209767,-1,721.7334,-1,0,2,1284,19953,27
396,107,1.0,-1,935.0,-1,2,0,935,1226,22,137,0.5623053,-1,722.0,-1,2,3,1284,19849,22
397,110,1.0,-1,936.0,-1,0,1,936,1178,19,143,0.5623053,-1,722.0,-1,0,0,1284,18953,19
398,96,1.0,-1,937.0,-1,1,1,937,1235,28,128,0.562646,-1,723.00006,-1,1,3,1285,19407,28
399,101,1.0,-1,937.0,-1,0,0,937,1257,23,140,0.5629054,-1,723.3334,-1,0,3,1285,19679,23
400,101,1.0,0.5104366,939.0,479.3,0,2,939,1278,25,140,0.5637354,0.52077824,724.4,669.2,0,4,1285,19970,25
401,108,1.0,-1,939.0,-1,1,0,939,1173,27,143,0.5638392,-1,724.5334,-1,1,2,1285,19422,27
402,105,0.99999994,-1,940.0,-1,1,1,940,1184,25,140,0.56365997,-1,724.8667,-1,1,2,1286,18617,25
403,97,1.0,-1,942.0,-1,0,2,942,1243,27,146,0.56428206,-1,725.66675,-1,0,5,1286,18129,27
404,90,1.0,-1,942.0,-1,1,0,942,1276,27,127,0.5638954,-1,725.7334,-1,1,1,1287,19343,27
405,94,1.0,-1,942.0,-1,0,0,942,1306,20,134,0.56322736,-1,726.00006,-1,0,3,1289,20468,20
406,106,1.0,-1,944.0,-1,1,2,944,1180,27,147,0.5646512,-1,728.4,-1,1,5,1290,18184,27
407,117,1.0,-1,945.0,-1,0,1,945,1215,20,146,0.56462693,-1,728.9334,-1,0,4,1291,19760,20
408,91,1.0,-1,946.0,-1,0,1,946,1280,26,124,0.56504005,-1,729.46674,-1,0,3,1291,20040,26
409,105,1.0,-1,946.0,-1,1,0,946,1216,23,140,0.56504005,-1,729.46674,-1,1,0,1291,19263,23
410,103,0.99999994,-1,948.0,-1,1,2,948,1125,37,141,0.56501544,-1,730.0,-1,1,3,1292,18005,37
411,106,0.99999994,-1,949.0,-1,1,1,949,1137,30,138,0.56537664,-1,730.4667,-1,1,2,1292,18762,30
412,104,0.99999994,-1,949.0,-1,0,0,949,1204,25,142,0.565455,-1,731.13336,-1,0,3,1293,18831,25
413,100,0.99999994,-1,951.0,-1,0,2,951,1208,27,136,0.56543213,-1,732.80005,-1,0,4,1296,19339,27
414,106,0.99999994,-1,951.0,-1,0,0,951,1189,23,135,0.56548357,-1,732.8667,-1,0,1,1296,18958,23
415,110,1.0,-1,952.0,-1,0,1,952,1121,23,137,0.5649204,-1,733.2667,-1,0,4,1298,18583,23
416,101,0.99999994,-1,954.0,-1,1,2,954,1239,23,141,0.5648961,-1,733.80005,-1,1,3,1299,19126,23
417,98,0.99999994,-1,954.0,-1,0,0,954,1310,22,139,0.5649987,-1,733.93335,-1,0,2,1299,20151,22
418,107,1.0,-1,957.0,-1,0,3,957,1244,24,144,0.5655385,-1,735.2001,-1,0,8,1300,19351,24
419,102,1.0,-1,959.0,-1,1,2,959,1218,22,149,0.5658975,-1,735.66675,-1,1,2,1300,19195,22
420,95,1.0,-1,959.0,-1,0,0,959,1249,28,132,0.5660513,-1,735.8667,-1,0,1,1300,19466,28
421,98,1.0,-1,959.0,-1,0,0,959,1279,22,144,0.56579626,-1,736.66675,-1,0,6,1302,19353,22
422,97,1.0,-1,961.0,-1,0,2,961,1208,29,128,0.5664619,-1,737.5334,-1,0,2,1302,18922,29
423,89,1.0,-1,961.0,-1,1,0,961,1333,24,128,0.5666667,-1,737.80005,-1,1,3,1302,21257,24
424,104,1.0,-1,963.0,-1,0,2,963,1306,16,149,0.5664622,-1,738.66675,-1,0,4,1304,20382,16
425,101,1.0,-1,963.0,-1,0,0,963,1199,32,137,0.56534153,-1,739.4667,-1,0,4,1308,18875,32
426,85,1.0,-1,965.0,-1,0,2,965,1302,31,137,0.5654944,-1,739.6667,-1,0,3,1308,19770,31
427,115,1.0,-1,967.0,-1,0,2,967,1150,24,144,0.5655964,-1,739.80005,-1,0,2,1308,18838,24
428,89,1.0,-1,967.0,-1,1,0,967,1268,30,122,0.56541896,-1,740.13336,-1,1,4,1309,19602,30
429,95,1.0,-1,971.0,-1,1,4,971,1222,31,132,0.5661578,-1,741.66675,-1,1,5,1310,19335,31
430,101,0.99999994,-1,972.0,-1,1,1,972,1277,19,145,0.56633615,-1,742.4667,-1,1,3,1311,19803,19
431,100,1.0,-1,973.0,-1,0,1,973,1208,26,145,0.56707317,-1,744.00006,-1,0,4,1312,18684,26
432,85,1.0,-1,973.0,-1,0,0,973,1285,31,129,0.56758136,-1,744.66675,-1,0,2,1312,19353,31
433,98,0.99999994,-1,975.0,-1,0,2,975,1240,29,137,0.5676829,-1,744.80005,-1,0,2,1312,19337,29
434,103,0.99999994,-1,976.0,-1,1,1,976,1235,20,134,0.56796145,-1,745.7334,-1,1,1,1313,19697,20
435,86,0.99999994,-1,976.0,-1,0,0,976,1264,35,136,0.5680873,-1,746.4667,-1,0,6,1314,19447,35
436,101,1.0,-1,977.0,-1,0,1,977,1227,22,142,0.56671727,-1,746.93335,-1,0,5,1318,18640,22
437,87,1.0,-1,977.0,-1,1,0,977,1416,22,132,0.5663887,-1,747.0667,-1,1,2,1319,21505,22
438,112,1.0,-1,978.0,-1,0,1,978,1212,18,145,0.56717175,-1,748.66675,-1,0,4,1320,19720,18
439,107,0.99999994,-1,980.0,-1,1,2,980,1221,22,141,0.567171,-1,749.80005,-1,1,4,1322,19317,22
440,110,1.0,-1,982.0,-1,1,2,982,1189,25,140,0.5675744,-1,750.3334,-1,1,3,1322,19032,25
441,102,1.0,-1,982.0,-1,0,0,982,1202,25,133,0.56719583,-1,750.4001,-1,0,1,1323,18978,25
442,104,1.0,-1,982.0,-1,1,0,982,1268,16,143,0.5672462,-1,750.46674,-1,1,1,1323,20334,16
443,99,1.0,-1,982.0,-1,0,0,982,1224,24,136,0.5674478,-1,750.7334,-1,0,2,1323,19270,24
444,95,1.0,-1,982.0,-1,0,0,982,1258,24,133,0.56711984,-1,750.8667,-1,0,2,1324,19491,24
445,107,0.99999994,-1,984.0,-1,0,2,984,1194,24,137,0.5679759,-1,752.00006,-1,0,4,1324,19613,24
446,96,1.0,-1,985.0,-1,0,1,985,1227,27,128,0.5678491,-1,752.4,-1,0,2,1325,19642,27
447,97,1.0,-1,985.0,-1,1,0,985,1220,27,138,0.5688051,-1,753.66675,-1,1,3,1325,19232,27
448,101,1.0,-1,985.0,-1,0,0,985,1238,25,143,0.56862754,-1,754.00006,-1,0,3,1326,19367,25
449,99,1.0,-1,985.0,-1,0,0,985,1168,32,132,0.5688789,-1,754.3334,-1,0,2,1326,18902,32
450,102,1.0,-1,985.0,-1,0,0,985,1184,30,142,0.56913024,-1,754.6667,-1,0,3,1326,18647,30
451,88,1.0,-1,986.0,-1,0,1,986,1247,33,129,0.569053,-1,755.1333,-1,0,2,1327,19042,33
452,111,1.0,-1,987.0,-1,0,1,987,1183,22,147,0.56912655,-1,755.80005,-1,0,2,1328,19026,22
453,102,1.0,-1,987.0,-1,1,0,987,1229,25,144,0.5694277,-1,756.2001,-1,1,1,1328,18607,25
454,93,1.0,-1,989.0,-1,1,1,989,1206,32,135,0.56985205,-1,757.3334,-1,1,3,1329,18800,32
455,107,1.0,-1,990.0,-1,2,1,990,1184,22,149,0.5698747,-1,757.93335,-1,2,4,1330,18304,22
456,96,1.0,-1,991.0,-1,0,1,991,1219,32,125,0.5704261,-1,758.66675,-1,0,3,1330,19934,32
457,94,1.0,-1,991.0,-1,1,0,991,1304,22,129,0.5705765,-1,758.8667,-1,1,2,1330,20860,22
458,103,1.0,-1,992.0,-1,0,1,992,1216,25,136,0.57132834,-1,759.8667,-1,0,4,1330,19541,25
459,108,1.0,-1,992.0,-1,0,0,992,1212,23,136,0.57137847,-1,759.93335,-1,0,1,1330,19649,23
460,106,1.0,-1,995.0,-1,0,3,995,1255,20,141,0.57122123,-1,760.8667,-1,0,5,1332,20141,20
461,96,1.0,-1,995.0,-1,1,0,995,1301,25,136,0.57127136,-1,760.9334,-1,1,1,1332,20030,25
462,109,1.0,-1,995.0,-1,0,0,995,1153,29,144,0.5714715,-1,761.2001,-1,0,2,1332,18646,29
463,107,0.99999994,-1,996.0,-1,0,1,996,1162,25,145,0.5711928,-1,761.4,-1,0,1,1333,17839,25
464,96,0.99999994,-1,996.0,-1,0,0,996,1307,21,140,0.571843,-1,762.2667,-1,0,4,1333,20179,21
465,108,1.0,-1,998.0,-1,0,2,998,1224,16,153,0.57204306,-1,762.5334,-1,0,3,1333,19242,16
466,101,1.0,-1,999.0,-1,0,1,999,1321,21,136,0.5724431,-1,763.06665,-1,0,3,1333,20480,21
467,90,1.0,-1,999.0,-1,0,0,999,1215,35,132,0.5724932,-1,763.1334,-1,0,1,1333,18661,35
468,89,1.0,-1,1000.0,-1,1,1,1000,1251,34,129,0.5726432,-1,763.3334,-1,1,2,1333,19685,34
469,110,1.0,-1,1002.0,-1,0,2,1002,1140,24,144,0.5722847,-1,764.00006,-1,0,6,1335,18010,24
470,103,1.0,-1,1002.0,-1,0,0,1002,1273,17,143,0.57200605,-1,764.2001,-1,0,2,1336,19621,17
471,109,1.0,-1,1003.0,-1,1,1,1003,1177,23,144,0.5724052,-1,764.73334,-1,1,3,1336,18679,23
472,91,1.0,-1,1003.0,-1,0,0,1003,1240,30,126,0.57255495,-1,764.93335,-1,0,3,1336,19561,30
473,105,1.0,-1,1003.0,-1,0,0,1003,1260,22,145,0.57255495,-1,764.93335,-1,0,0,1336,19473,22
474,98,0.99999994,-1,1006.0,-1,0,3,1006,1248,28,134,0.5719194,-1,765.80005,-1,0,4,1339,19564,28
475,101,1.0,-1,1007.0,-1,2,1,1007,1171,34,132,0.5718906,-1,766.3334,-1,2,2,1340,18394,34
476,104,1.0,-1,1008.0,-1,1,1,1008,1285,16,142,0.5720896,-1,766.60004,-1,1,2,1340,20580,16
477,103,1.0,-1,1009.0,-1,1,0,1009,1214,28,133,0.57211035,-1,767.2,-1,1,1,1341,19566,28
478,96,1.0,-1,1009.0,-1,0,0,1009,1218,30,126,0.5720815,-1,767.7334,-1,0,3,1342,19367,30
479,98,1.0,-1,1009.0,-1,1,0,1009,1277,23,137,0.5720815,-1,767.7334,-1,1,0,1342,20312,23
480,94,1.0,-1,1010.0,-1,1,1,1010,1262,27,135,0.57240015,-1,768.7334,-1,1,4,1343,19713,27
481,107,1.0,-1,1010.0,-1,0,0,1010,1206,23,141,0.57254905,-1,768.93335,-1,0,3,1343,19398,23
482,126,1.0,-1,1010.0,-1,0,0,1010,1117,20,156,0.5727973,-1,769.2667,-1,0,2,1343,18658,20
483,103,1.0,-1,1010.0,-1,0,0,1010,1225,24,148,0.57289654,-1,769.4,-1,0,2,1343,19553,24
484,113,1.0,-1,1012.0,-1,0,2,1012,1202,22,142,0.57323426,-1,771.00006,-1,0,5,1345,19135,22
485,101,1.0,-1,1012.0,-1,1,0,1012,1211,28,135,0.5732838,-1,771.0667,-1,1,1,1345,18823,28
486,88,1.0,-1,1012.0,-1,0,0,1012,1236,31,127,0.5732838,-1,771.0667,-1,0,0,1345,19245,31
487,102,1.0,-1,1012.0,-1,0,0,1012,1257,22,145,0.573383,-1,771.2001,-1,0,1,1345,19428,22
488,93,1.0,-1,1012.0,-1,0,0,1012,1306,24,137,0.5735316,-1,771.4,-1,0,2,1345,19783,24
489,93,1.0,-1,1012.0,-1,1,0,1012,1219,34,132,0.5736008,-1,772.0667,-1,1,3,1346,19040,34
490,99,1.0,-1,1013.0,-1,1,1,1013,1245,29,140,0.5737494,-1,772.2667,-1,1,3,1346,19448,29
491,113,1.0,-1,1014.0,-1,0,1,1014,1208,17,152,0.573997,-1,772.60004,-1,0,1,1346,19764,17
492,105,1.0,-1,1015.0,-1,1,1,1015,1159,26,139,0.57421434,-1,773.4667,-1,1,3,1347,18209,26
493,93,1.0,-1,1016.0,-1,0,1,1016,1304,26,130,0.5739753,-1,774.8667,-1,0,5,1350,20567,26
494,96,1.0,-1,1019.0,-1,0,3,1019,1360,18,140,0.57429063,-1,775.8667,-1,0,4,1351,21063,18
495,94,1.0,-1,1020.0,-1,1,1,1020,1276,26,132,0.57426035,-1,776.4,-1,1,2,1352,19622,26
496,106,1.0,-1,1020.0,-1,0,0,1020,1275,18,148,0.57450694,-1,776.7334,-1,0,4,1352,19918,18
497,99,1.0,-1,1020.0,-1,0,0,1020,1241,23,133,0.5748521,-1,777.2001,-1,0,3,1352,19810,23
498,107,1.0,-1,1021.0,-1,0,1,1021,1226,22,142,0.57495075,-1,777.33344,-1,0,1,1352,18881,22
499,103,1.0,-1,1023.0,-1,0,2,1023,1235,22,133,0.5765286,-1,779.4667,-1,0,5,1352,19541,22
500,105,1.0,0.50293255,1023.0,514.5,0,0,1023,1194,27,137,0.57657796,0.5331361,779.5334,720.80005,0,1,1352,19955,27
501,115,1.0,-1,1024.0,-1,1,0,1024,1144,21,147,0.57641554,-1,780.4667,-1,1,2,1354,19031,21
502,95,1.0,-1,1026.0,-1,0,2,1026,1298,23,135,0.57666177,-1,780.80005,-1,0,3,1354,20220,23
503,116,1.0,-1,1027.0,-1,1,0,1027,1118,25,147,0.5764996,-1,781.7334,-1,1,3,1356,18747,25
504,102,1.0,-1,1027.0,-1,0,0,1027,1237,24,142,0.57659787,-1,781.8667,-1,0,2,1356,19579,24
505,101,1.0,-1,1028.0,-1,1,1,1028,1184,31,130,0.5770403,-1,782.4667,-1,1,3,1356,19320,31
506,102,1.0,-1,1029.0,-1,1,0,1029,1152,30,141,0.577745,-1,784.0,-1,1,3,1357,18627,30
507,107,1.0,-1,1029.0,-1,1,0,1029,1170,28,137,0.577745,-1,784.0,-1,1,0,1357,18667,28
508,94,1.0,-1,1031.0,-1,0,2,1031,1158,37,134,0.57792497,-1,785.4,-1,0,6,1359,17818,37
509,98,1.0,-1,1031.0,-1,1,0,1031,1271,22,135,0.57774514,-1,785.73334,-1,1,3,1360,20204,22
510,100,1.0,-1,1031.0,-1,0,0,1031,1196,34,133,0.5774676,-1,785.9334,-1,0,2,1361,19328,34
511,99,1.0,-1,1031.0,-1,0,0,1031,1222,30,129,0.5774676,-1,785.9334,-1,0,0,1361,19910,30
512,107,1.0,-1,1032.0,-1,0,1,1032,1139,31,141,0.57751656,-1,786.00006,-1,0,1,1361,18211,31
513,103,1.0,-1,1035.0,-1,1,2,1035,1146,27,136,0.5779409,-1,787.7334,-1,1,3,1363,18381,27
514,110,1.0,-1,1035.0,-1,0,0,1035,1230,22,144,0.5782344,-1,788.1334,-1,0,3,1363,19512,22
515,92,1.0,-1,1035.0,-1,0,0,1035,1248,32,120,0.577957,-1,788.3333,-1,0,3,1364,19737,32
516,94,1.0,-1,1036.0,-1,0,1,1036,1241,29,122,0.578022,-1,789.0,-1,0,5,1365,19400,29
517,100,1.0,-1,1036.0,-1,0,0,1036,1226,30,133,0.578022,-1,789.0,-1,0,0,1365,19859,30
518,98,1.0,-1,1036.0,-1,1,0,1036,1278,23,139,0.5781686,-1,789.2001,-1,1,2,1365,19474,23
519,102,1.0,-1,1039.0,-1,1,3,1039,1284,21,136,0.5789988,-1,790.3333,-1,1,4,1365,20506,21
520,102,1.0,-1,1040.0,-1,0,1,1040,1278,20,142,0.5790965,-1,790.4667,-1,0,1,1365,20016,20
521,86,1.0,-1,1040.0,-1,2,0,1040,1268,32,127,0.5790965,-1,790.4667,-1,2,0,1365,19103,32
522,102,1.0,-1,1041.0,-1,0,1,1041,1194,32,126,0.578819,-1,790.66675,-1,0,2,1366,19462,32
523,99,1.0,-1,1041.0,-1,0,0,1041,1227,30,131,0.5788678,-1,790.7334,-1,0,1,1366,19435,30
524,97,1.0,-1,1041.0,-1,1,0,1041,1195,33,133,0.5785419,-1,790.8667,-1,1,0,1367,18573,33
525,112,1.0,-1,1042.0,-1,1,1,1042,1187,21,140,0.5787857,-1,791.2001,-1,1,1,1367,18907,21
526,85,1.0,-1,1043.0,-1,1,1,1043,1277,34,121,0.5788345,-1,791.2667,-1,1,1,1367,19545,34
527,115,1.0,-1,1043.0,-1,0,0,1043,1139,23,147,0.5785575,-1,791.4666,-1,0,3,1368,17681,23
528,84,1.0,-1,1045.0,-1,0,2,1045,1284,31,131,0.5778751,-1,792.2667,-1,0,8,1371,19778,31
529,101,1.0,-1,1045.0,-1,0,0,1045,1252,27,138,0.57784265,-1,792.8001,-1,0,3,1372,19647,27
530,101,1.0,-1,1046.0,-1,2,1,1046,1198,27,134,0.577616,-1,793.0667,-1,2,2,1373,20021,27
531,99,1.0,-1,1047.0,-1,1,0,1047,1269,23,143,0.57760006,-1,794.2001,-1,1,5,1375,20077,23
532,95,1.0,-1,1048.0,-1,1,0,1048,1266,25,142,0.57737404,-1,794.4667,-1,1,0,1376,19979,25
533,99,1.0,-1,1049.0,-1,1,1,1049,1212,28,135,0.57768095,-1,795.4667,-1,1,2,1377,18821,28
534,103,1.0,-1,1050.0,-1,0,1,1050,1161,27,142,0.5778746,-1,795.73334,-1,0,1,1377,18423,27
535,98,1.0,-1,1050.0,-1,0,0,1050,1277,22,141,0.57779396,-1,796.2001,-1,0,3,1378,20333,22
536,102,1.0,-1,1050.0,-1,1,0,1050,1240,21,144,0.57808423,-1,796.60004,-1,1,3,1378,19789,21
537,100,1.0,-1,1050.0,-1,1,0,1050,1184,27,144,0.57790667,-1,796.93335,-1,1,2,1379,19224,27
538,106,1.0,-1,1051.0,-1,1,1,1051,1200,24,143,0.5786319,-1,797.93335,-1,1,4,1379,20027,24
539,102,1.0,-1,1052.0,-1,1,1,1052,1267,21,142,0.57856625,-1,799.0,-1,1,2,1381,20031,21
540,89,1.0,-1,1052.0,-1,0,0,1052,1314,28,134,0.57858175,-1,799.60004,-1,0,3,1382,19961,28
541,99,1.0,-1,1052.0,-1,0,0,1052,1207,28,142,0.57872653,-1,799.80005,-1,0,2,1382,18983,28
542,97,1.0,-1,1053.0,-1,1,1,1053,1271,20,146,0.57898295,-1,800.7334,-1,1,1,1383,19734,20
543,104,1.0,-1,1053.0,-1,1,0,1053,1337,16,143,0.5789981,-1,801.3334,-1,1,2,1384,20971,16
544,111,1.0,-1,1053.0,-1,0,0,1053,1254,17,152,0.5785474,-1,801.8667,-1,0,4,1386,19436,17
545,108,1.0,-1,1054.0,-1,0,1,1054,1264,14,144,0.5787879,-1,802.2001,-1,0,2,1386,20019,14
546,104,1.0,-1,1055.0,-1,3,1,1055,1221,22,139,0.5788993,-1,802.93335,-1,3,2,1387,19758,22
547,97,1.0,-1,1059.0,-1,1,3,1059,1212,34,135,0.57982713,-1,804.80005,-1,1,4,1388,18972,34
548,98,1.0,-1,1059.0,-1,2,0,1059,1272,25,136,0.57997125,-1,805.0001,-1,2,1,1388,19661,25
549,102,1.0,-1,1060.0,-1,1,1,1060,1244,24,140,0.5801633,-1,805.2667,-1,1,3,1388,19503,24
550,105,1.0,-1,1062.0,-1,1,1,1062,1100,37,126,0.5803216,-1,806.0667,-1,1,0,1389,18206,37
551,103,1.0,-1,1064.0,-1,0,2,1064,1231,27,142,0.5805616,-1,806.4,-1,0,1,1389,19406,27
552,97,1.0,-1,1064.0,-1,0,0,1064,1303,27,137,0.5802878,-1,806.60004,-1,0,1,1390,20152,27
553,96,1.0,-1,1064.0,-1,0,0,1064,1268,26,149,0.5802541,-1,807.1334,-1,0,2,1391,19534,26
554,99,1.0,-1,1064.0,-1,0,0,1064,1224,28,130,0.580302,-1,807.2001,-1,0,1,1391,19364,28
555,92,1.0,-1,1067.0,-1,2,2,1067,1228,33,133,0.5798516,-1,807.73334,-1,2,3,1393,19201,33
556,90,1.0,-1,1069.0,-1,0,2,1069,1255,34,128,0.5799283,-1,809.0,-1,0,2,1395,19451,34
557,95,1.0,-1,1069.0,-1,0,0,1069,1320,27,140,0.5805018,-1,809.80005,-1,0,3,1395,20419,27
558,102,1.0,-1,1069.0,-1,0,0,1069,1204,25,138,0.5805018,-1,809.80005,-1,0,0,1395,18815,25
559,87,1.0,-1,1069.0,-1,0,0,1069,1344,28,131,0.58107525,-1,810.6,-1,0,5,1395,20969,28
560,96,1.0,-1,1070.0,-1,0,1,1070,1342,23,130,0.58076835,-1,811.3334,-1,0,5,1397,21587,23
561,104,1.0,-1,1071.0,-1,2,1,1071,1238,22,143,0.5809592,-1,811.60004,-1,2,2,1397,19233,22
562,102,1.0,-1,1071.0,-1,0,0,1071,1211,23,140,0.58134097,-1,812.13336,-1,0,1,1397,19202,23
563,100,1.0,-1,1072.0,-1,0,1,1072,1263,25,142,0.58157957,-1,812.4667,-1,0,2,1397,19123,25
564,107,1.0,-1,1073.0,-1,1,1,1073,1202,23,146,0.581675,-1,812.6,-1,1,2,1397,19797,23
565,97,1.0,-1,1073.0,-1,0,0,1073,1268,24,135,0.5818182,-1,812.80005,-1,0,2,1397,19983,24
566,103,1.0,-1,1073.0,-1,0,0,1073,1196,29,140,0.58205676,-1,813.1333,-1,0,2,1397,18617,29
567,99,1.0,-1,1073.0,-1,0,0,1073,1298,22,143,0.58146304,-1,813.46674,-1,0,3,1399,19995,22
568,108,1.0,-1,1074.0,-1,2,1,1074,1282,15,147,0.58091843,-1,813.8667,-1,2,2,1401,20456,15
569,92,1.0,-1,1074.0,-1,0,0,1074,1248,33,131,0.58101356,-1,814.0,-1,0,2,1401,18882,33
570,107,1.0,-1,1075.0,-1,1,1,1075,1152,31,139,0.5811563,-1,814.2,-1,1,2,1401,18502,31
571,88,1.0,-1,1075.0,-1,2,0,1075,1320,24,131,0.5810882,-1,815.2667,-1,2,2,1403,20543,24
572,109,1.0,-1,1075.0,-1,2,0,1075,1110,36,133,0.5811357,-1,815.3334,-1,2,1,1403,17888,36
573,101,1.0,-1,1076.0,-1,1,0,1076,1187,31,137,0.5814815,-1,816.4001,-1,1,1,1404,18960,31
574,112,1.0,-1,1078.0,-1,1,2,1078,1233,19,148,0.5816714,-1,816.6667,-1,1,3,1404,19291,19
575,108,1.0,-1,1078.0,-1,1,0,1078,1195,25,144,0.58154213,-1,817.0667,-1,1,3,1405,18898,25
576,92,1.0,-1,1080.0,-1,1,2,1080,1386,20,136,0.5817319,-1,817.3334,-1,1,2,1405,21488,20
577,100,1.0,-1,1082.0,-1,1,2,1082,1161,30,136,0.5824213,-1,819.46674,-1,1,3,1407,18072,30
578,109,1.0,-1,1082.0,-1,0,0,1082,1169,23,150,0.5821496,-1,819.6666,-1,0,1,1408,17853,23
579,111,1.0,-1,1082.0,-1,0,0,1082,1134,27,145,0.5822444,-1,819.80005,-1,0,2,1408,18523,27
580,104,1.0,-1,1082.0,-1,0,0,1082,1234,23,139,0.5820204,-1,820.0667,-1,0,2,1409,19664,23
581,111,1.0,-1,1084.0,-1,1,2,1084,1145,25,140,0.5818096,-1,820.93335,-1,1,2,1411,18777,25
582,97,1.0,-1,1084.0,-1,0,0,1084,1262,30,141,0.58242387,-1,821.80005,-1,0,3,1411,19862,30
583,99,1.0,-1,1084.0,-1,2,0,1084,1273,24,136,0.58289635,-1,822.46674,-1,2,4,1411,19754,24
584,87,1.0,-1,1084.0,-1,0,0,1084,1302,31,134,0.5831325,-1,822.8,-1,0,2,1411,19631,31
585,109,1.0,-1,1085.0,-1,1,0,1085,1193,25,141,0.58295566,-1,823.1334,-1,1,2,1412,19581,25
586,94,1.0,-1,1086.0,-1,2,0,1086,1314,22,139,0.5832155,-1,824.6667,-1,2,4,1414,20397,22
587,104,1.0,-1,1086.0,-1,0,0,1086,1259,21,142,0.5832155,-1,824.6667,-1,0,0,1414,19804,21
588,95,1.0,-1,1088.0,-1,1,1,1088,1390,20,144,0.58287466,-1,825.93335,-1,1,6,1417,21863,20
589,96,1.0,-1,1088.0,-1,0,0,1088,1252,31,132,0.58310986,-1,826.26666,-1,0,1,1417,19952,31
590,83,1.0,-1,1088.0,-1,0,0,1088,1340,28,132,0.58315694,-1,826.3334,-1,0,1,1417,20502,28
591,108,1.0,-1,1088.0,-1,2,0,1088,1136,30,138,0.5833451,-1,826.60004,-1,2,3,1417,18358,30
592,95,1.0,-1,1089.0,-1,0,1,1089,1348,18,143,0.5831688,-1,826.93335,-1,0,3,1418,20508,18
593,95,1.0,-1,1092.0,-1,1,2,1092,1261,28,128,0.58341557,-1,827.8667,-1,1,3,1419,19589,28
594,97,1.0,-1,1092.0,-1,1,0,1092,1332,22,139,0.5835212,-1,828.6001,-1,1,4,1420,20323,22
595,97,1.0,-1,1092.0,-1,0,0,1092,1263,25,131,0.58361506,-1,828.7334,-1,0,2,1420,19958,25
596,103,1.0,-1,1092.0,-1,2,0,1092,1242,31,129,0.583662,-1,828.80005,-1,2,1,1420,19514,31
597,102,1.0,-1,1092.0,-1,0,0,1092,1212,26,134,0.58370894,-1,828.8667,-1,0,1,1420,19646,26
598,103,1.0,-1,1093.0,-1,2,0,1093,1226,25,135,0.5834505,-1,829.6666,-1,2,2,1422,19310,25
599,101,1.0,-1,1095.0,-1,1,1,1095,1359,13,141,0.5831929,-1,830.4667,-1,1,1,1424,21742,13
600,109,1.0,0.496347,1095.0,543.5,0,0,1095,1228,22,146,0.5832865,0.5388694,830.6,767.35,0,2,1424,19814,22
601,99,1.0,-1,1095.0,-1,2,0,1095,1226,32,137,0.58320475,-1,831.0668,-1,2,2,1425,19264,32
602,99,1.0,-1,1096.0,-1,1,1,1096,1223,31,130,0.5823063,-1,831.53345,-1,1,3,1428,18857,31
603,103,1.0,-1,1097.0,-1,0,1,1097,1220,21,137,0.58300656,-1,832.5334,-1,0,2,1428,19033,21
604,100,1.0,-1,1097.0,-1,0,0,1097,1245,27,140,0.5829718,-1,833.0667,-1,0,3,1429,19570,27
605,93,1.0,-1,1097.0,-1,0,0,1097,1239,31,129,0.5832984,-1,833.5334,-1,0,1,1429,19129,31
606,95,1.0,-1,1098.0,-1,1,1,1098,1287,25,126,0.5840915,-1,834.6667,-1,1,2,1429,20165,25
607,101,1.0,-1,1099.0,-1,0,1,1099,1233,28,142,0.5842068,-1,836.0,-1,0,4,1431,19045,28
608,95,1.0,-1,1101.0,-1,2,2,1101,1281,25,138,0.58527833,-1,837.5333,-1,2,5,1431,20014,25
609,99,1.0,-1,1102.0,-1,1,1,1102,1193,31,138,0.58541816,-1,837.7334,-1,1,2,1431,18664,31
610,94,1.0,-1,1103.0,-1,2,0,1103,1286,25,138,0.58534545,-1,838.80005,-1,2,2,1433,19806,25
611,104,1.0,-1,1104.0,-1,0,1,1104,1259,24,137,0.58545876,-1,840.13336,-1,0,5,1435,19429,24
612,98,1.0,-1,1105.0,-1,0,1,1105,1255,28,137,0.58569103,-1,840.4667,-1,0,2,1435,19644,28
613,104,1.0,-1,1106.0,-1,0,1,1106,1242,22,140,0.5853761,-1,840.6001,-1,0,2,1436,19556,22
614,104,1.0,-1,1109.0,-1,1,2,1109,1241,23,142,0.5855355,-1,842.00006,-1,1,3,1438,19857,23
615,88,1.0,-1,1109.0,-1,1,0,1109,1235,36,131,0.5855919,-1,842.6667,-1,1,3,1439,18666,36
616,112,1.0,-1,1111.0,-1,3,2,1111,1229,19,148,0.5857408,-1,843.46674,-1,3,5,1440,19636,19
617,97,1.0,-1,1112.0,-1,1,1,1112,1220,33,135,0.5860648,-1,843.93335,-1,1,2,1440,19319,33
618,95,1.0,-1,1114.0,-1,1,1,1114,1261,26,132,0.58645403,-1,845.6667,-1,1,4,1442,19688,26
619,97,1.0,-1,1115.0,-1,1,1,1115,1295,27,132,0.58637094,-1,846.1333,-1,1,4,1443,20804,27
620,103,1.0,-1,1115.0,-1,0,0,1115,1259,21,147,0.58669436,-1,846.6,-1,0,2,1443,18851,21
621,99,1.0,-1,1116.0,-1,1,1,1116,1190,33,137,0.587064,-1,847.1334,-1,1,2,1443,18628,33
622,81,1.0,-1,1117.0,-1,1,0,1117,1320,32,127,0.5871653,-1,847.8667,-1,1,0,1444,19650,32
623,93,1.0,-1,1119.0,-1,0,2,1119,1311,27,127,0.5879586,-1,849.6001,-1,0,5,1445,20504,27
624,97,1.0,-1,1119.0,-1,1,0,1119,1300,33,127,0.5880508,-1,849.7334,-1,1,1,1445,20261,33
625,92,1.0,-1,1119.0,-1,0,0,1119,1304,26,134,0.58814305,-1,849.8667,-1,0,2,1445,19572,26
626,99,1.0,-1,1119.0,-1,1,0,1119,1255,25,132,0.5881892,-1,849.93335,-1,1,1,1445,20168,25
627,90,1.0,-1,1120.0,-1,1,1,1120,1306,35,133,0.5887506,-1,851.3334,-1,1,4,1446,19760,35
628,107,1.0,-1,1121.0,-1,2,1,1121,1257,17,140,0.58885056,-1,852.0667,-1,2,3,1447,19992,17
629,102,1.0,-1,1122.0,-1,0,1,1122,1230,26,142,0.58944947,-1,852.93335,-1,0,1,1447,19373,26
630,100,1.0,-1,1122.0,-1,2,0,1122,1235,27,137,0.5895416,-1,853.0667,-1,2,1,1447,19367,27
631,103,1.0,-1,1122.0,-1,1,0,1122,1265,24,144,0.5895877,-1,853.1334,-1,1,1,1447,19979,24
632,100,1.0,-1,1123.0,-1,0,1,1123,1304,24,144,0.58963376,-1,853.2001,-1,0,1,1447,19808,24
633,114,1.0,-1,1124.0,-1,0,1,1124,1187,22,140,0.58963376,-1,853.2001,-1,0,0,1447,19510,22
634,100,1.0,-1,1124.0,-1,1,0,1124,1268,24,132,0.58963376,-1,853.2001,-1,1,0,1447,20176,24
635,89,1.0,-1,1125.0,-1,0,1,1125,1387,28,130,0.589687,-1,853.8667,-1,0,3,1448,20899,28
636,99,1.0,-1,1125.0,-1,0,0,1125,1226,27,138,0.589733,-1,853.93335,-1,0,1,1448,19376,27
637,104,1.0,-1,1126.0,-1,2,1,1126,1331,23,141,0.5893794,-1,854.6001,-1,2,3,1450,21279,23
638,96,1.0,-1,1126.0,-1,0,0,1126,1275,27,136,0.5893794,-1,854.6001,-1,0,0,1450,20376,27
639,108,1.0,-1,1126.0,-1,0,0,1126,1290,17,141,0.58974713,-1,855.1333,-1,0,3,1450,20340,17
640,100,1.0,-1,1126.0,-1,0,0,1126,1263,24,139,0.5898851,-1,855.33344,-1,0,3,1450,20108,24
641,106,1.0,-1,1126.0,-1,1,0,1126,1117,36,130,0.58993113,-1,855.4001,-1,1,1,1450,17898,36
642,93,1.0,-1,1127.0,-1,1,1,1127,1349,24,131,0.5902069,-1,855.80005,-1,1,3,1450,20717,24
643,102,1.0,-1,1127.0,-1,0,0,1127,1239,21,141,0.59007585,-1,856.2001,-1,0,3,1451,19826,21
644,98,0.99999994,-1,1128.0,-1,2,1,1128,1203,28,134,0.5900827,-1,856.80005,-1,2,2,1452,19268,28
645,90,0.99999994,-1,1128.0,-1,0,0,1128,1267,32,132,0.5902204,-1,857.0,-1,0,1,1452,19733,32
646,94,0.99999994,-1,1128.0,-1,0,0,1128,1268,34,134,0.5903582,-1,857.2001,-1,0,2,1452,19786,34
647,94,0.99999994,-1,1128.0,-1,1,0,1128,1254,29,134,0.5903582,-1,857.2001,-1,1,0,1452,19681,29
648,112,1.0,-1,1129.0,-1,1,1,1129,1196,24,143,0.59045655,-1,857.93335,-1,1,6,1453,19511,24
649,103,1.0,-1,1129.0,-1,0,0,1129,1204,27,129,0.59045655,-1,857.93335,-1,0,0,1453,19655,27
650,109,1.0,-1,1129.0,-1,1,0,1129,1226,20,137,0.59005725,-1,858.5333,-1,1,2,1455,20225,20
651,83,1.0,-1,1129.0,-1,0,0,1129,1364,28,124,0.59005725,-1,858.5333,-1,0,0,1455,20743,28
652,90,1.0,-1,1132.0,-1,0,3,1132,1243,36,128,0.5904696,-1,859.1333,-1,0,3,1455,19655,36
653,85,1.0,-1,1132.0,-1,0,0,1132,1247,37,121,0.5898949,-1,860.0668,-1,0,6,1458,18557,37
654,92,1.0,-1,1132.0,-1,0,0,1132,1280,31,125,0.5898949,-1,860.0668,-1,0,0,1458,20218,31
655,104,1.0,-1,1132.0,-1,0,0,1132,1233,26,138,0.58994746,-1,860.73334,-1,0,2,1459,19610,26
656,97,1.0,-1,1132.0,-1,2,0,1132,1226,30,134,0.5899931,-1,860.8,-1,2,1,1459,19159,30
657,107,1.0,-1,1132.0,-1,0,0,1132,1213,26,144,0.5897717,-1,861.06665,-1,0,4,1460,19018,26
658,114,1.0,-1,1133.0,-1,1,1,1133,1218,19,147,0.58964187,-1,861.46674,-1,1,3,1461,19893,19
659,108,0.99999994,-1,1134.0,-1,0,1,1134,1188,25,144,0.5897331,-1,861.60004,-1,0,2,1461,19332,25
660,86,0.99999994,-1,1134.0,-1,0,0,1134,1393,21,136,0.58991563,-1,861.8667,-1,0,3,1461,21037,21
661,94,0.99999994,-1,1134.0,-1,0,0,1134,1324,22,145,0.58987695,-1,862.4001,-1,0,2,1462,20398,22
662,76,1.0,-1,1135.0,-1,1,1,1135,1336,37,114,0.5898838,-1,863.00006,-1,1,1,1463,20532,37
663,101,1.0,-1,1135.0,-1,1,0,1135,1221,30,143,0.5899294,-1,863.0667,-1,1,1,1463,18954,30
664,100,1.0,-1,1137.0,-1,2,1,1137,1250,25,130,0.5899432,-1,864.2667,-1,2,1,1465,20385,25
665,89,1.0,-1,1139.0,-1,0,2,1139,1288,33,123,0.59067124,-1,865.3334,-1,0,4,1465,20274,33
666,99,1.0,-1,1140.0,-1,0,1,1140,1302,24,133,0.5910808,-1,865.93335,-1,0,2,1465,20937,24
667,101,1.0,-1,1140.0,-1,0,0,1140,1307,23,143,0.59112626,-1,866.0,-1,0,1,1465,20377,23
668,105,1.0,-1,1140.0,-1,3,0,1140,1309,18,131,0.59153587,-1,866.6001,-1,3,3,1465,20840,18
669,99,1.0,-1,1142.0,-1,0,2,1142,1291,23,141,0.59181446,-1,867.6,-1,0,5,1466,20079,23
670,95,1.0,-1,1142.0,-1,1,0,1142,1227,33,130,0.59150195,-1,867.73334,-1,1,0,1467,19348,33
671,92,1.0,-1,1142.0,-1,0,0,1142,1374,21,145,0.59177464,-1,868.13336,-1,0,2,1467,20820,21
672,75,1.0,-1,1142.0,-1,0,0,1142,1339,42,121,0.5918655,-1,868.26666,-1,0,1,1467,20165,42
673,110,1.0,-1,1144.0,-1,1,1,1144,1198,27,140,0.5915135,-1,868.93335,-1,1,2,1469,19578,27
674,92,1.0,-1,1144.0,-1,0,0,1144,1292,29,132,0.5915135,-1,868.93335,-1,0,0,1469,20147,29
675,94,1.0,-1,1144.0,-1,0,0,1144,1324,24,135,0.5916043,-1,869.0667,-1,0,1,1469,20668,24
676,97,1.0,-1,1144.0,-1,1,0,1144,1254,28,133,0.5917859,-1,869.33344,-1,1,2,1469,20253,28
677,104,1.0,-1,1146.0,-1,0,2,1146,1274,21,141,0.59156466,-1,869.60004,-1,0,3,1470,19907,21
678,99,1.0,-1,1147.0,-1,0,1,1147,1288,27,130,0.5916157,-1,870.26666,-1,0,2,1471,20254,27
679,99,1.0,-1,1147.0,-1,1,0,1147,1228,30,134,0.5917064,-1,870.4001,-1,1,2,1471,19926,30
680,98,1.0,-1,1147.0,-1,0,0,1147,1284,25,137,0.59148556,-1,870.66675,-1,0,4,1472,19740,25
681,95,1.0,-1,1147.0,-1,0,0,1147,1332,25,145,0.59202904,-1,871.46674,-1,0,5,1472,20473,25
682,83,1.0,-1,1147.0,-1,1,0,1147,1353,33,128,0.59207433,-1,871.5334,-1,1,1,1472,20451,33
683,100,1.0,-1,1148.0,-1,1,1,1148,1363,16,138,0.59180814,-1,871.7334,-1,1,1,1473,21726,16
684,98,1.0,-1,1149.0,-1,0,1,1149,1232,33,134,0.59198916,-1,872.00006,-1,0,2,1473,18523,33
685,96,1.0,-1,1150.0,-1,2,1,1150,1190,34,119,0.5923512,-1,872.5334,-1,2,2,1473,19308,34
686,91,1.0,-1,1150.0,-1,1,0,1150,1299,29,121,0.5925775,-1,872.8667,-1,1,2,1473,21094,29
687,92,1.0,-1,1150.0,-1,2,0,1150,1372,19,133,0.59266806,-1,873.00006,-1,2,1,1473,21012,19
688,89,1.0,-1,1151.0,-1,3,1,1151,1335,26,132,0.5923112,-1,873.0667,-1,3,1,1474,20054,26
689,92,1.0,-1,1152.0,-1,1,1,1152,1327,28,141,0.5916441,-1,873.26666,-1,1,2,1476,20125,28
690,94,1.0,-1,1152.0,-1,0,0,1152,1272,28,129,0.5917796,-1,873.4667,-1,0,1,1476,20526,28
691,92,1.0,-1,1154.0,-1,0,2,1154,1381,19,132,0.59174,-1,874.0,-1,0,2,1477,21126,19
692,104,1.0,-1,1156.0,-1,0,2,1156,1223,25,139,0.59210646,-1,875.13336,-1,0,3,1478,19666,25
693,102,1.0,-1,1157.0,-1,1,1,1157,1339,16,142,0.59233195,-1,875.4667,-1,1,2,1478,20644,16
694,98,1.0,-1,1159.0,-1,2,2,1159,1311,21,142,0.59256256,-1,876.4,-1,2,3,1479,19923,21
695,98,1.0,-1,1159.0,-1,0,0,1159,1261,26,137,0.59256256,-1,876.4,-1,0,0,1479,19728,26
696,102,1.0,-1,1159.0,-1,0,0,1159,1211,30,134,0.5928781,-1,876.8667,-1,0,1,1479,19532,30
697,104,1.0,-1,1161.0,-1,1,2,1161,1162,31,131,0.5932028,-1,878.5334,-1,1,6,1481,19637,31
698,105,1.0,-1,1161.0,-1,0,0,1161,1193,24,139,0.59329283,-1,878.6667,-1,0,1,1481,18533,24
699,96,1.0,-1,1163.0,-1,2,2,1163,1377,20,134,0.5945083,-1,880.46674,-1,2,6,1481,21305,20
700,95,1.0,0.4912801,1164.0,571.85004,0,1,1164,1337,24,139,0.5950517,0.55175436,881.8667,817.69995,0,5,1482,20628,24
701,105,1.0,-1,1164.0,-1,1,0,1164,1314,15,143,0.5951417,-1,882.00006,-1,1,2,1482,20621,15
702,88,1.0,-1,1164.0,-1,0,0,1164,1409,22,133,0.5952317,-1,882.1334,-1,0,2,1482,21521,22
703,105,1.0,-1,1165.0,-1,0,1,1165,1222,22,138,0.5950551,-1,882.4667,-1,0,1,1483,19800,22
704,84,1.0,-1,1167.0,-1,1,1,1167,1292,36,118,0.59541786,-1,883.6001,-1,1,3,1484,19986,36
705,102,1.0,-1,1167.0,-1,1,0,1167,1187,31,139,0.59546274,-1,883.66675,-1,1,1,1484,19010,31
706,96,1.0,-1,1167.0,-1,0,0,1167,1373,20,135,0.59515154,-1,883.80005,-1,0,1,1485,21043,20
707,104,1.0,-1,1167.0,-1,0,0,1167,1331,21,142,0.59537596,-1,884.13336,-1,0,2,1485,20328,21
708,114,1.0,-1,1167.0,-1,0,0,1167,1168,18,147,0.59551066,-1,884.3334,-1,0,1,1485,19175,18
709,105,0.99999994,-1,1171.0,-1,0,4,1171,1304,26,142,0.5962366,-1,887.2,-1,0,8,1488,20494,26
710,98,0.99999994,-1,1172.0,-1,0,1,1172,1336,21,140,0.59663975,-1,887.8,-1,0,1,1488,20219,21
711,106,0.99999994,-1,1172.0,-1,0,0,1172,1148,31,134,0.5967742,-1,888.0,-1,0,2,1488,18329,31
712,94,0.99999994,-1,1172.0,-1,0,0,1172,1262,33,129,0.59704304,-1,888.4,-1,0,4,1488,20296,33
713,105,0.99999994,-1,1172.0,-1,0,0,1172,1227,20,144,0.5972241,-1,889.2667,-1,0,3,1489,19066,20
714,96,0.99999994,-1,1172.0,-1,1,0,1172,1326,24,136,0.5970937,-1,890.2667,-1,1,5,1491,20696,24
715,98,1.0,-1,1173.0,-1,1,1,1173,1286,21,146,0.5971384,-1,890.3334,-1,1,1,1491,19880,21
716,91,1.0,-1,1173.0,-1,1,0,1173,1286,24,142,0.5972278,-1,890.4667,-1,1,2,1491,19689,24
717,91,1.0,-1,1173.0,-1,1,0,1173,1358,24,129,0.5973619,-1,890.6667,-1,1,2,1491,20911,24
718,97,1.0,-1,1173.0,-1,0,0,1173,1320,23,138,0.59767497,-1,891.13336,-1,0,4,1491,20223,23
719,99,1.0,-1,1173.0,-1,1,0,1173,1297,20,139,0.59767497,-1,891.13336,-1,1,0,1491,20402,20
720,100,1.0,-1,1173.0,-1,0,0,1173,1326,18,143,0.5977643,-1,891.26666,-1,0,1,1491,20378,18
721,89,1.0,-1,1174.0,-1,0,1,1174,1329,25,125,0.5977643,-1,891.26666,-1,0,0,1491,20610,25
722,89,1.0,-1,1174.0,-1,1,0,1174,1378,23,133,0.59803265,-1,891.6667,-1,1,1,1491,21315,23
723,105,1.0,-1,1174.0,-1,0,0,1174,1229,20,140,0.5988375,-1,892.8667,-1,0,3,1491,19958,20
724,88,1.0,-1,1174.0,-1,1,0,1174,1361,24,137,0.59821385,-1,893.1333,-1,1,1,1493,21024,24
725,109,1.0,-1,1176.0,-1,0,2,1176,1239,27,143,0.5985711,-1,893.6667,-1,0,3,1493,19868,27
726,121,1.0,-1,1176.0,-1,0,0,1176,1185,19,146,0.5985711,-1,893.6667,-1,0,0,1493,19447,19
727,103,0.99999994,-1,1177.0,-1,0,1,1177,1227,24,140,0.5991516,-1,894.5334,-1,0,3,1493,19425,24
728,98,0.99999994,-1,1177.0,-1,0,0,1177,1319,23,134,0.5991516,-1,894.5334,-1,0,0,1493,20547,23
729,99,0.99999994,-1,1177.0,-1,0,0,1177,1266,26,136,0.5999554,-1,895.7334,-1,0,4,1493,20316,26
730,107,1.0,-1,1178.0,-1,1,1,1178,1194,22,145,0.60031235,-1,896.8667,-1,1,7,1494,18873,22
731,108,1.0,-1,1178.0,-1,1,0,1178,1269,21,147,0.5996881,-1,897.1334,-1,1,3,1496,20307,21
732,111,1.0,-1,1178.0,-1,0,0,1178,1230,18,149,0.59951013,-1,897.4667,-1,0,1,1497,19444,18
733,100,1.0,-1,1179.0,-1,0,1,1179,1213,32,133,0.59946597,-1,898.0,-1,0,2,1498,19371,32
734,106,1.0,-1,1179.0,-1,1,0,1179,1218,24,141,0.59937745,-1,898.4668,-1,1,4,1499,19053,24
735,105,1.0,-1,1179.0,-1,0,0,1179,1262,26,143,0.5987565,-1,898.73346,-1,0,2,1501,20963,26
736,97,1.0,-1,1179.0,-1,0,0,1179,1307,21,134,0.59906733,-1,899.2001,-1,0,4,1501,20885,21
737,94,1.0,-1,1179.0,-1,0,0,1179,1267,28,132,0.5991562,-1,899.33344,-1,0,1,1501,20244,28
738,101,1.0,-1,1179.0,-1,0,0,1179,1288,19,134,0.5992006,-1,899.4001,-1,0,1,1501,20302,19
739,91,1.0,-1,1181.0,-1,0,2,1181,1296,31,132,0.5997336,-1,900.2001,-1,0,3,1501,19820,31
740,100,1.0,-1,1182.0,-1,1,1,1182,1230,28,141,0.5999112,-1,901.0667,-1,1,4,1502,19343,28
741,118,1.0,-1,1183.0,-1,1,1,1183,1184,16,158,0.60048825,-1,901.9334,-1,1,4,1502,18469,16
742,114,1.0,-1,1184.0,-1,0,1,1184,1160,24,143,0.600577,-1,902.0667,-1,0,1,1502,18432,24
743,96,1.0,-1,1184.0,-1,1,0,1184,1359,23,137,0.60079896,-1,902.4001,-1,1,2,1502,21465,23
744,101,1.0,-1,1184.0,-1,2,0,1184,1290,18,136,0.60079896,-1,902.4001,-1,2,0,1502,20751,18
745,99,1.0,-1,1186.0,-1,0,2,1186,1241,28,143,0.60088706,-1,903.1333,-1,0,4,1503,19713,28
746,93,1.0,-1,1187.0,-1,0,1,1187,1278,33,135,0.6009759,-1,903.2667,-1,0,1,1503,20153,33
747,102,1.0,-1,1187.0,-1,1,0,1187,1238,24,145,0.6012419,-1,903.6666,-1,1,2,1503,19421,24
748,102,1.0,-1,1188.0,-1,0,1,1188,1247,28,138,0.6018629,-1,904.6,-1,0,2,1503,19951,28
749,98,1.0,-1,1188.0,-1,1,0,1188,1292,27,137,0.60212904,-1,905.0,-1,1,3,1503,19812,27
750,98,1.0,-1,1189.0,-1,0,1,1189,1269,24,138,0.6021734,-1,905.06665,-1,0,1,1503,19949,24
751,90,1.0,-1,1190.0,-1,0,1,1190,1324,29,131,0.6025282,-1,905.6,-1,0,2,1503,20074,29
752,100,1.0,-1,1190.0,-1,0,0,1190,1212,28,134,0.60261697,-1,905.73334,-1,0,1,1503,18733,28
753,96,1.0,-1,1190.0,-1,0,0,1190,1315,23,139,0.6023035,-1,906.4668,-1,0,5,1505,20503,23
754,107,1.0,-1,1190.0,-1,1,0,1190,1239,21,151,0.60203636,-1,906.66675,-1,1,2,1506,19699,21
755,93,1.0,-1,1193.0,-1,0,3,1193,1267,27,132,0.60243315,-1,907.8667,-1,0,5,1507,19639,27
756,89,1.0,-1,1193.0,-1,0,0,1193,1410,21,142,0.6025216,-1,908.0,-1,0,2,1507,21632,21
757,88,1.0,-1,1193.0,-1,1,0,1193,1320,26,134,0.60261005,-1,908.1333,-1,1,1,1507,20588,26
758,94,1.0,-1,1195.0,-1,0,2,1195,1305,21,134,0.60265255,-1,908.80005,-1,0,4,1508,20575,21
759,111,1.0,-1,1196.0,-1,0,1,1196,1213,20,143,0.60331565,-1,909.80005,-1,0,2,1508,19633,20
760,104,1.0,-1,1196.0,-1,0,0,1196,1196,25,136,0.60304844,-1,910.00006,-1,0,2,1509,19378,25
761,105,1.0,-1,1197.0,-1,0,1,1197,1284,19,139,0.6036669,-1,910.93335,-1,0,2,1509,20571,19
762,99,1.0,-1,1198.0,-1,0,1,1198,1238,24,133,0.6042854,-1,911.8667,-1,0,2,1509,20129,24
763,87,1.0,-1,1199.0,-1,0,1,1199,1378,24,135,0.60441506,-1,912.66675,-1,0,4,1510,21089,24
764,100,1.0,-1,1199.0,-1,0,0,1199,1288,21,135,0.60485655,-1,913.3334,-1,0,2,1510,19893,21
765,98,1.0,-1,1199.0,-1,1,0,1199,1247,29,139,0.60525036,-1,914.5333,-1,1,6,1511,19997,29
766,91,1.0,-1,1199.0,-1,0,0,1199,1246,37,129,0.6049382,-1,914.6666,-1,0,1,1512,19257,37
767,96,1.0,-1,1201.0,-1,0,2,1201,1374,24,137,0.60475564,-1,915.60004,-1,0,4,1514,21323,24
768,104,1.0,-1,1203.0,-1,0,2,1203,1242,25,146,0.60466456,-1,916.0668,-1,0,4,1515,19776,25
769,95,1.0,-1,1203.0,-1,2,0,1203,1269,29,138,0.60475254,-1,916.2001,-1,2,1,1515,20315,29
770,104,1.0,-1,1203.0,-1,0,0,1203,1258,23,146,0.6047494,-1,916.80005,-1,0,2,1516,19396,23
771,92,1.0,-1,1204.0,-1,0,1,1204,1337,26,137,0.6045265,-1,917.0667,-1,0,1,1517,20481,26
772,97,1.0,-1,1206.0,-1,0,2,1206,1180,35,131,0.6044357,-1,917.5334,-1,0,2,1518,18721,35
773,103,1.0,-1,1207.0,-1,0,1,1207,1323,23,142,0.6046114,-1,917.80005,-1,0,2,1518,20542,23
774,82,1.0,-1,1208.0,-1,0,1,1208,1457,20,138,0.6044767,-1,918.2001,-1,0,5,1519,22293,20
775,95,1.0,-1,1208.0,-1,0,0,1208,1268,28,138,0.60460836,-1,918.4001,-1,0,2,1519,20158,28
776,87,1.0,-1,1209.0,-1,0,1,1209,1321,28,134,0.6048717,-1,918.8001,-1,0,2,1519,19957,28
777,109,1.0,-1,1209.0,-1,0,0,1209,1283,20,145,0.60491556,-1,918.86676,-1,0,1,1519,20575,20
778,97,1.0,-1,1209.0,-1,0,0,1209,1282,26,134,0.60491556,-1,918.86676,-1,0,0,1519,20034,26
779,100,1.0,-1,1209.0,-1,0,0,1209,1324,19,143,0.6050472,-1,919.0668,-1,0,1,1519,20406,19
780,105,1.0,-1,1209.0,-1,0,0,1209,1260,22,144,0.6050911,-1,919.1334,-1,0,1,1519,19751,22
781,95,1.0,-1,1211.0,-1,0,2,1211,1265,27,134,0.60531056,-1,919.46674,-1,0,1,1519,19802,27
782,93,1.0,-1,1211.0,-1,0,0,1211,1342,21,140,0.6057494,-1,920.13336,-1,0,4,1519,20555,21
783,93,1.0,-1,1211.0,-1,0,0,1211,1207,39,124,0.6058811,-1,920.3334,-1,0,2,1519,19524,39
784,100,1.0,-1,1212.0,-1,0,1,1212,1332,25,139,0.60578954,-1,920.80005,-1,0,2,1520,20621,25
785,95,1.0,-1,1214.0,-1,0,2,1214,1271,30,133,0.6064036,-1,921.7334,-1,0,2,1520,19961,30
786,95,1.0,-1,1215.0,-1,0,1,1215,1251,28,134,0.60653514,-1,921.93335,-1,0,2,1520,19399,28
787,86,1.0,-1,1216.0,-1,0,1,1216,1379,20,129,0.6064432,-1,922.4001,-1,0,2,1521,20899,20
788,96,1.0,-1,1216.0,-1,0,0,1216,1277,29,135,0.60666233,-1,922.73334,-1,0,2,1521,20385,29
789,97,1.0,-1,1217.0,-1,0,1,1217,1255,27,136,0.6063075,-1,922.80005,-1,0,1,1522,19748,27
790,82,1.0,-1,1217.0,-1,0,0,1217,1412,23,129,0.6063513,-1,922.8667,-1,0,1,1522,21746,23
791,101,1.0,-1,1218.0,-1,0,1,1218,1282,25,143,0.6060845,-1,923.0667,-1,0,1,1523,20107,25
792,105,1.0,-1,1219.0,-1,0,1,1219,1170,32,141,0.6060845,-1,923.0667,-1,0,0,1523,18658,32
793,91,1.0,-1,1219.0,-1,0,0,1219,1348,26,129,0.6063472,-1,923.46674,-1,0,3,1523,21317,26
794,92,1.0,-1,1219.0,-1,1,0,1219,1346,26,133,0.6063867,-1,924.13336,-1,1,3,1524,20694,26
795,105,1.0,-1,1220.0,-1,0,1,1220,1239,21,143,0.6064305,-1,924.2001,-1,0,1,1524,19461,21
796,97,1.0,-1,1220.0,-1,1,0,1220,1285,27,136,0.6067367,-1,924.66675,-1,1,1,1524,20485,27
797,101,1.0,-1,1220.0,-1,1,0,1220,1292,22,135,0.6058503,-1,925.13336,-1,1,3,1527,19910,22
798,88,1.0,-1,1220.0,-1,1,0,1220,1395,22,135,0.6058503,-1,925.13336,-1,1,0,1527,21745,22
799,93,1.0,-1,1221.0,-1,1,1,1221,1258,36,129,0.6061559,-1,925.60004,-1,1,3,1527,19225,36
800,96,1.0,0.48456186,1221.0,591.65,1,0,1221,1321,24,138,0.60641783,0.563556,926.0,860.55005,1,1,1527,20344,24
801,87,1.0,-1,1222.0,-1,0,1,1222,1364,30,128,0.6060646,-1,926.0667,-1,0,1,1528,21380,30
802,92,1.0,-1,1223.0,-1,0,1,1223,1302,28,133,0.60571176,-1,926.13336,-1,0,1,1529,19915,28
803,97,1.0,-1,1223.0,-1,0,0,1223,1271,30,135,0.605799,-1,926.2667,-1,0,2,1529,19569,30
804,105,1.0,-1,1223.0,-1,1,0,1223,1338,19,137,0.60557735,-1,926.5333,-1,1,3,1530,21519,19
805,97,1.0,-1,1224.0,-1,0,1,1224,1375,16,143,0.6054431,-1,926.9334,-1,0,3,1531,21431,16
806,99,1.0,-1,1225.0,-1,0,1,1225,1274,25,132,0.60548663,-1,927.00006,-1,0,1,1531,20382,25
807,111,1.0,-1,1225.0,-1,0,0,1225,1264,19,139,0.60548663,-1,927.00006,-1,0,0,1531,20127,19
808,89,1.0,-1,1225.0,-1,0,0,1225,1354,26,135,0.60548663,-1,927.00006,-1,0,0,1531,21115,26
809,98,1.0,-1,1225.0,-1,0,0,1225,1308,21,141,0.60587853,-1,927.60004,-1,0,3,1531,20365,21
810,89,1.0,-1,1226.0,-1,0,1,1226,1320,28,139,0.60565716,-1,927.86676,-1,0,2,1532,20439,28
811,96,1.0,-1,1227.0,-1,0,1,1227,1285,23,142,0.60538894,-1,928.6667,-1,0,5,1534,19683,23
812,94,0.99999994,-1,1228.0,-1,0,1,1228,1334,26,134,0.6061278,-1,929.80005,-1,0,2,1534,21039,26
813,94,0.99999994,-1,1228.0,-1,0,0,1228,1286,23,134,0.6065624,-1,930.46674,-1,0,2,1534,19886,23
814,101,0.99999994,-1,1228.0,-1,0,0,1228,1283,26,143,0.6066059,-1,930.53345,-1,0,1,1534,20250,26
815,97,0.99999994,-1,1228.0,-1,0,0,1228,1367,17,144,0.606997,-1,931.1334,-1,0,2,1534,21702,17
816,82,0.99999994,-1,1228.0,-1,0,0,1228,1314,37,126,0.60712737,-1,931.33344,-1,0,1,1534,20155,37
817,90,1.0,-1,1229.0,-1,0,1,1229,1371,24,139,0.6068187,-1,931.4667,-1,0,1,1535,20913,24
818,102,1.0,-1,1230.0,-1,2,1,1230,1255,27,136,0.60707474,-1,932.46674,-1,2,2,1536,19669,27
819,94,1.0,-1,1230.0,-1,1,0,1230,1321,24,142,0.6068966,-1,932.80005,-1,1,3,1537,20337,24
820,93,1.0,-1,1230.0,-1,0,0,1230,1328,25,130,0.6070701,-1,933.0667,-1,0,1,1537,20256,25
821,86,1.0,-1,1231.0,-1,0,1,1231,1350,25,138,0.6075423,-1,934.4,-1,0,4,1538,20828,25
822,96,1.0,-1,1232.0,-1,0,1,1232,1285,26,124,0.6075423,-1,934.4,-1,0,0,1538,19795,26
823,94,1.0,-1,1232.0,-1,0,0,1232,1317,20,132,0.6075423,-1,934.4,-1,0,0,1538,20674,20
824,89,0.99999994,-1,1233.0,-1,0,1,1233,1321,32,127,0.60767233,-1,934.6001,-1,0,1,1538,20501,32
825,107,0.99999994,-1,1233.0,-1,0,0,1233,1323,15,148,0.60767233,-1,934.6001,-1,0,0,1538,20241,15
826,93,0.99999994,-1,1233.0,-1,0,0,1233,1352,24,143,0.60732085,-1,934.66675,-1,0,1,1539,20049,24
827,98,1.0,-1,1234.0,-1,0,1,1234,1320,28,133,0.60705626,-1,934.8667,-1,0,1,1540,20774,28
828,97,1.0,-1,1234.0,-1,0,0,1234,1339,22,142,0.60718155,-1,935.66675,-1,0,2,1541,20967,22
829,101,1.0,-1,1234.0,-1,0,0,1234,1238,30,139,0.60718155,-1,935.66675,-1,0,0,1541,19367,30
830,119,1.0,-1,1234.0,-1,2,0,1234,1198,18,152,0.6073113,-1,935.86676,-1,2,1,1541,19417,18
831,98,1.0,-1,1234.0,-1,0,0,1234,1241,34,136,0.6073113,-1,935.86676,-1,0,0,1541,19493,34
832,110,1.0,-1,1235.0,-1,0,1,1235,1158,25,139,0.60739785,-1,936.0001,-1,0,1,1541,18738,25
833,102,1.0,-1,1235.0,-1,0,0,1235,1285,22,141,0.6077007,-1,936.4668,-1,0,2,1541,20170,22
834,98,1.0,-1,1236.0,-1,0,1,1236,1364,17,144,0.6077007,-1,936.4668,-1,0,0,1541,21157,17
835,93,1.0,-1,1237.0,-1,0,1,1237,1304,28,126,0.6082631,-1,937.3334,-1,0,4,1541,20268,28
836,88,1.0,-1,1238.0,-1,0,1,1238,1381,28,133,0.60839283,-1,937.5334,-1,0,1,1541,21204,28
837,101,1.0,-1,1238.0,-1,0,0,1238,1248,23,140,0.6084794,-1,937.66675,-1,0,2,1541,19848,23
838,92,1.0,-1,1238.0,-1,2,0,1238,1319,28,123,0.60852265,-1,937.7334,-1,2,1,1541,20462,28
839,96,1.0,-1,1240.0,-1,0,2,1240,1305,26,138,0.6080795,-1,938.2667,-1,0,6,1543,20426,26
840,101,1.0,-1,1240.0,-1,0,0,1240,1345,18,147,0.6081227,-1,938.3334,-1,0,1,1543,21168,18
841,92,1.0,-1,1242.0,-1,0,2,1242,1338,26,138,0.60842514,-1,938.80005,-1,0,1,1543,20708,26
842,104,1.0,-1,1242.0,-1,1,0,1242,1317,15,147,0.6084684,-1,938.86676,-1,1,1,1543,20617,15
843,94,1.0,-1,1242.0,-1,1,0,1242,1306,27,125,0.60851157,-1,938.9334,-1,1,1,1543,20686,27
844,97,1.0,-1,1242.0,-1,0,0,1242,1298,30,136,0.6082902,-1,939.2001,-1,0,3,1544,20512,30
845,92,1.0,-1,1242.0,-1,0,0,1242,1302,25,129,0.6082902,-1,939.2001,-1,0,0,1544,20188,25
846,98,1.0,-1,1242.0,-1,0,0,1242,1317,27,128,0.60867876,-1,939.80005,-1,0,2,1544,20824,27
847,87,1.0,-1,1242.0,-1,0,0,1242,1344,24,136,0.60841423,-1,940.00006,-1,0,2,1545,20738,24
848,95,1.0,-1,1243.0,-1,0,1,1243,1328,22,138,0.60845745,-1,940.0668,-1,0,1,1545,20523,22
849,103,1.0,-1,1245.0,-1,1,2,1245,1270,27,147,0.60827947,-1,940.4,-1,1,3,1546,19841,27
850,91,1.0,-1,1245.0,-1,0,0,1245,1370,25,136,0.6083658,-1,940.53345,-1,0,1,1546,21160,25
851,116,1.0,-1,1245.0,-1,0,0,1245,1234,18,154,0.60845196,-1,940.66675,-1,0,2,1546,19514,18
852,93,1.0,-1,1246.0,-1,0,1,1246,1234,30,126,0.60845196,-1,940.66675,-1,0,0,1546,19189,30
853,92,1.0,-1,1246.0,-1,1,0,1246,1297,36,131,0.60823107,-1,940.9334,-1,1,2,1547,20025,36
854,96,1.0,-1,1246.0,-1,0,0,1246,1310,22,143,0.60823107,-1,940.9334,-1,0,0,1547,19974,22
855,84,1.0,-1,1246.0,-1,1,0,1246,1411,23,130,0.6078811,-1,941.0,-1,1,0,1548,21381,23
856,87,1.0,-1,1246.0,-1,0,0,1246,1379,28,134,0.6081826,-1,941.4667,-1,0,3,1548,20894,28
857,98,1.0,-1,1247.0,-1,0,1,1247,1368,18,139,0.6083119,-1,941.66675,-1,0,2,1548,21319,18
858,85,1.0,-1,1247.0,-1,0,0,1247,1344,35,121,0.60796213,-1,941.73334,-1,0,1,1549,20581,35
859,105,1.0,-1,1248.0,-1,1,1,1248,1289,20,146,0.6082204,-1,942.1334,-1,1,3,1549,20119,20
860,95,1.0,-1,1248.0,-1,1,0,1248,1291,27,132,0.6080431,-1,942.46674,-1,1,1,1550,20152,27
861,86,1.0,-1,1248.0,-1,0,0,1248,1373,24,122,0.6083872,-1,943.00006,-1,0,3,1550,20920,24
862,86,1.0,-1,1249.0,-1,0,1,1249,1380,20,136,0.6089893,-1,943.9334,-1,0,3,1550,20939,20
863,92,1.0,-1,1250.0,-1,0,1,1250,1276,31,134,0.6090753,-1,944.0667,-1,0,2,1550,20041,31
864,83,1.0,-1,1250.0,-1,0,0,1250,1304,34,113,0.6093334,-1,944.46674,-1,0,3,1550,20349,34
865,90,1.0,-1,1251.0,-1,2,1,1251,1297,29,130,0.60946244,-1,944.66675,-1,2,2,1550,20803,29
866,100,1.0,-1,1254.0,-1,0,3,1254,1382,13,141,0.6098861,-1,945.93335,-1,0,2,1551,21603,13
867,101,1.0,-1,1254.0,-1,0,0,1254,1297,24,143,0.6100151,-1,946.1334,-1,0,3,1551,20424,24
868,99,1.0,-1,1254.0,-1,0,0,1254,1225,28,141,0.61010104,-1,946.2667,-1,0,2,1551,19498,28
869,95,1.0,-1,1255.0,-1,0,1,1255,1326,26,134,0.61061,-1,947.66675,-1,0,3,1552,20556,26
870,102,1.0,-1,1258.0,-1,0,3,1258,1329,21,138,0.6107388,-1,947.8667,-1,0,1,1552,20878,21
871,89,1.0,-1,1258.0,-1,0,0,1258,1320,28,126,0.6107388,-1,947.8667,-1,0,0,1552,20712,28
872,94,1.0,-1,1259.0,-1,0,1,1259,1296,29,140,0.6105173,-1,948.13336,-1,0,1,1553,19290,29
873,93,1.0,-1,1259.0,-1,1,0,1259,1296,29,130,0.6105603,-1,948.2001,-1,1,1,1553,20258,29
874,98,1.0,-1,1259.0,-1,0,0,1259,1305,26,131,0.6106461,-1,948.3334,-1,0,2,1553,20609,26
875,92,1.0,-1,1260.0,-1,0,1,1260,1290,30,134,0.61093956,-1,949.4,-1,0,3,1554,20342,30
876,103,1.0,-1,1261.0,-1,0,1,1261,1284,24,139,0.61063236,-1,949.5334,-1,0,2,1555,20548,24
877,100,1.0,-1,1261.0,-1,0,0,1261,1292,21,134,0.6108896,-1,949.93335,-1,0,2,1555,20316,21
878,95,1.0,-1,1262.0,-1,1,1,1262,1303,23,139,0.61101824,-1,950.1334,-1,1,2,1555,20398,23
879,98,1.0,-1,1262.0,-1,0,0,1262,1256,34,128,0.611447,-1,950.80005,-1,0,2,1555,19953,34
880,103,1.0,-1,1263.0,-1,1,0,1263,1220,26,134,0.6112682,-1,951.13336,-1,1,1,1556,19311,26
881,103,1.0,-1,1263.0,-1,0,0,1263,1299,24,143,0.61148244,-1,951.4667,-1,0,2,1556,19908,24
882,98,1.0,-1,1264.0,-1,0,1,1264,1264,27,133,0.6113038,-1,951.80005,-1,0,3,1557,20653,27
883,88,1.0,-1,1265.0,-1,0,1,1265,1328,30,128,0.6118529,-1,953.2667,-1,0,6,1558,19837,30
884,86,1.0,-1,1266.0,-1,0,1,1266,1406,20,136,0.6119384,-1,953.4,-1,0,1,1558,21091,20
885,88,1.0,-1,1266.0,-1,0,0,1266,1307,33,124,0.612024,-1,953.5334,-1,0,1,1558,20629,33
886,100,1.0,-1,1266.0,-1,0,0,1266,1351,22,135,0.6123663,-1,954.0667,-1,0,3,1558,21432,22
887,97,1.0,-1,1267.0,-1,1,1,1267,1326,22,136,0.6128798,-1,954.8667,-1,1,2,1558,20468,22
888,90,1.0,-1,1268.0,-1,0,1,1268,1386,24,132,0.61305094,-1,955.13336,-1,0,3,1558,21520,24
889,95,1.0,-1,1268.0,-1,0,0,1268,1294,27,133,0.6130938,-1,955.2001,-1,0,1,1558,20173,27
890,103,1.0,-1,1268.0,-1,0,0,1268,1322,23,139,0.6130938,-1,955.2001,-1,0,0,1558,21258,23
891,97,1.0,-1,1269.0,-1,0,1,1269,1331,18,149,0.6133419,-1,956.2001,-1,0,2,1559,20766,18
892,93,1.0,-1,1270.0,-1,0,1,1270,1355,26,133,0.6136753,-1,957.33344,-1,0,4,1560,20902,26
893,91,1.0,-1,1271.0,-1,0,1,1271,1325,29,135,0.6136238,-1,957.8667,-1,0,4,1561,21087,29
894,94,1.0,-1,1271.0,-1,0,0,1271,1318,23,129,0.61366653,-1,957.9334,-1,0,1,1561,20645,23
895,96,1.0,-1,1271.0,-1,0,0,1271,1284,27,125,0.613487,-1,958.2667,-1,0,3,1562,20372,27
896,100,0.99999994,-1,1272.0,-1,0,1,1272,1357,22,135,0.6135297,-1,958.3334,-1,0,1,1562,21336,22
897,103,0.99999994,-1,1272.0,-1,0,0,1272,1141,36,134,0.61357236,-1,958.4,-1,0,1,1562,18646,36
898,99,1.0,-1,1273.0,-1,0,1,1273,1317,25,137,0.61395645,-1,959.0,-1,0,3,1562,20520,25
899,102,1.0,-1,1273.0,-1,0,0,1273,1302,24,139,0.61404186,-1,959.1334,-1,0,2,1562,20713,24
900,101,1.0,0.47580388,1275.0,606.64996,1,2,1275,1331,20,131,0.6135551,0.5710038,959.6001,893.05,1,1,1564,21149,20
901,100,1.0,-1,1275.0,-1,0,0,1275,1317,22,147,0.6138534,-1,960.0667,-1,0,1,1564,20534,22
902,102,1.0,-1,1276.0,-1,0,1,1276,1269,24,135,0.61398125,-1,960.2667,-1,0,1,1564,20674,24
903,82,1.0,-1,1276.0,-1,0,0,1276,1444,18,139,0.61380196,-1,960.60004,-1,0,2,1565,21383,18
904,99,1.0,-1,1276.0,-1,0,0,1276,1292,22,135,0.6138445,-1,960.6667,-1,0,1,1565,19870,22
905,85,1.0,-1,1276.0,-1,0,0,1276,1378,32,125,0.61418533,-1,961.2001,-1,0,3,1565,21133,32
906,80,1.0,-1,1278.0,-1,1,2,1278,1409,31,123,0.61468714,-1,962.6001,-1,1,4,1566,21155,31
907,104,1.0,-1,1280.0,-1,0,2,1280,1254,29,138,0.61484796,-1,963.46674,-1,0,3,1567,20218,29
908,93,1.0,-1,1282.0,-1,0,2,1282,1371,24,136,0.6153585,-1,964.2667,-1,0,1,1567,20937,24
909,98,1.0,-1,1282.0,-1,0,0,1282,1243,30,140,0.6153585,-1,964.2667,-1,0,0,1567,19474,30
910,93,1.0,-1,1282.0,-1,1,0,1282,1340,25,128,0.6154435,-1,964.4,-1,1,1,1567,20847,25
911,101,1.0,-1,1283.0,-1,0,1,1283,1339,15,141,0.6158264,-1,965.00006,-1,0,4,1567,21309,15
912,95,1.0,-1,1283.0,-1,0,0,1283,1245,31,136,0.615869,-1,965.0667,-1,0,1,1567,19275,31
913,89,0.99999994,-1,1284.0,-1,0,1,1284,1303,29,126,0.61611396,-1,966.0667,-1,0,2,1568,20117,29
914,94,0.99999994,-1,1284.0,-1,0,0,1284,1269,31,138,0.6158063,-1,966.2001,-1,0,2,1569,20137,31
915,98,0.99999994,-1,1284.0,-1,1,0,1284,1318,21,136,0.61549896,-1,966.3334,-1,1,1,1570,20323,21
916,101,0.99999994,-1,1284.0,-1,1,0,1284,1259,25,138,0.61554146,-1,966.4001,-1,1,1,1570,19657,25
917,92,1.0,-1,1285.0,-1,0,1,1285,1376,26,127,0.6157113,-1,966.6667,-1,0,3,1570,21864,26
918,87,1.0,-1,1285.0,-1,0,0,1285,1357,28,134,0.61570126,-1,967.2667,-1,0,6,1571,20804,28
919,98,1.0,-1,1285.0,-1,0,0,1285,1291,27,134,0.61578614,-1,967.4,-1,0,2,1571,19961,27
920,93,1.0,-1,1286.0,-1,0,1,1286,1345,27,135,0.61578614,-1,967.4,-1,0,0,1571,20946,27
921,100,1.0,-1,1286.0,-1,0,0,1286,1254,26,134,0.6158285,-1,967.4667,-1,0,1,1571,20346,26
922,94,1.0,-1,1286.0,-1,1,0,1286,1311,32,128,0.61591345,-1,967.6001,-1,1,2,1571,20971,32
923,87,1.0,-1,1288.0,-1,0,2,1288,1357,26,126,0.6163803,-1,968.33344,-1,0,4,1571,21543,26
924,97,1.0,-1,1288.0,-1,2,0,1288,1316,25,136,0.6163803,-1,968.33344,-1,2,0,1571,20567,25
925,86,1.0,-1,1288.0,-1,0,0,1288,1339,28,123,0.616285,-1,968.80005,-1,0,2,1572,20627,28
926,92,1.0,-1,1288.0,-1,0,0,1288,1304,28,134,0.61632746,-1,968.86676,-1,0,1,1572,20409,28
927,88,1.0,-1,1288.0,-1,0,0,1288,1373,20,135,0.61683637,-1,969.66675,-1,0,1,1572,21097,20
928,86,1.0,-1,1288.0,-1,0,0,1288,1406,25,128,0.61696357,-1,969.86676,-1,0,1,1572,21666,25
929,98,1.0,-1,1288.0,-1,0,0,1288,1297,27,140,0.6170908,-1,970.0668,-1,0,1,1572,20101,27
930,91,1.0,-1,1288.0,-1,1,0,1288,1300,27,130,0.6171223,-1,970.7334,-1,1,3,1573,20662,27
931,89,1.0,-1,1289.0,-1,0,1,1289,1288,32,134,0.6171223,-1,970.7334,-1,0,0,1573,19960,32
932,100,1.0,-1,1289.0,-1,1,0,1289,1325,19,140,0.6171223,-1,970.7334,-1,1,0,1573,21190,19
933,95,1.0,-1,1290.0,-1,0,1,1290,1316,30,131,0.6171223,-1,970.7334,-1,0,0,1573,21023,30
934,109,1.0,-1,1290.0,-1,0,0,1290,1232,25,145,0.61698437,-1,971.1334,-1,0,3,1574,19412,25
935,111,1.0,-1,1290.0,-1,0,0,1290,1223,18,146,0.61698437,-1,971.1334,-1,0,0,1574,19505,18
936,95,1.0,-1,1290.0,-1,0,0,1290,1336,24,138,0.61698437,-1,971.1334,-1,0,0,1574,20290,24
937,89,1.0,-1,1290.0,-1,0,0,1290,1366,28,133,0.61743915,-1,972.4667,-1,0,5,1575,20973,28
938,96,1.0,-1,1290.0,-1,0,0,1290,1339,26,142,0.61752385,-1,972.6001,-1,0,2,1575,20504,26
939,87,1.0,-1,1290.0,-1,0,0,1290,1365,26,136,0.61730117,-1,972.8667,-1,0,2,1576,20677,26
940,92,1.0,-1,1290.0,-1,0,0,1290,1302,27,126,0.61730117,-1,972.8667,-1,0,0,1576,20568,27
941,102,1.0,-1,1290.0,-1,0,0,1290,1337,22,138,0.61730117,-1,972.8667,-1,0,0,1576,20997,22
942,98,1.0,-1,1290.0,-1,0,0,1290,1284,21,147,0.6174281,-1,973.0668,-1,0,1,1576,19664,21
943,111,1.0,-1,1290.0,-1,0,0,1290,1252,19,151,0.6176819,-1,973.46674,-1,0,1,1576,20096,19
944,100,1.0,-1,1290.0,-1,0,0,1290,1256,29,133,0.61802036,-1,974.00006,-1,0,2,1576,19923,29
945,106,1.0,-1,1290.0,-1,0,0,1290,1326,16,150,0.61810493,-1,974.1334,-1,0,2,1576,20664,16
946,84,1.0,-1,1290.0,-1,0,0,1290,1331,35,124,0.61814725,-1,974.2001,-1,0,1,1576,20203,35
947,96,1.0,-1,1290.0,-1,0,0,1290,1244,32,138,0.61823183,-1,974.3334,-1,0,2,1576,18793,32
948,92,1.0,-1,1290.0,-1,0,0,1290,1424,21,140,0.6179667,-1,974.53345,-1,0,1,1577,21765,21
949,97,1.0,-1,1291.0,-1,1,1,1291,1331,26,133,0.618009,-1,974.6001,-1,1,1,1577,20883,26
950,95,1.0,-1,1292.0,-1,0,1,1292,1251,33,131,0.6183894,-1,975.2001,-1,0,3,1577,19467,33
951,96,1.0,-1,1292.0,-1,0,0,1292,1176,40,124,0.6183894,-1,975.2001,-1,0,0,1577,18518,40
952,99,0.99999994,-1,1293.0,-1,1,1,1293,1211,37,129,0.618939,-1,976.0667,-1,1,1,1577,18729,37
953,95,0.99999994,-1,1293.0,-1,1,0,1293,1349,23,134,0.618939,-1,976.0667,-1,1,0,1577,20808,23
954,97,0.99999994,-1,1293.0,-1,1,0,1293,1281,26,145,0.61906576,-1,976.2667,-1,1,2,1577,20483,26
955,95,0.99999994,-1,1293.0,-1,0,0,1293,1310,24,133,0.6191926,-1,976.46674,-1,0,1,1577,20108,24
956,107,0.99999994,-1,1294.0,-1,0,1,1294,1195,28,139,0.6192772,-1,976.6001,-1,0,2,1577,19690,28
957,96,0.99999994,-1,1294.0,-1,0,0,1294,1374,21,132,0.619404,-1,976.8001,-1,0,1,1577,21725,21
958,92,0.99999994,-1,1294.0,-1,0,0,1294,1308,29,141,0.6194463,-1,976.86676,-1,0,1,1577,19941,29
959,84,1.0,-1,1295.0,-1,0,1,1295,1353,29,117,0.61948854,-1,976.9334,-1,0,1,1577,21124,29
960,97,1.0,-1,1295.0,-1,0,0,1295,1239,30,141,0.6196154,-1,977.1334,-1,0,1,1577,19394,30
961,100,1.0,-1,1296.0,-1,0,1,1296,1357,19,131,0.6196874,-1,977.8667,-1,0,2,1578,21146,19
962,97,1.0,-1,1296.0,-1,0,0,1296,1331,24,142,0.6198564,-1,978.1334,-1,0,3,1578,21071,24
963,93,1.0,-1,1296.0,-1,0,0,1296,1280,25,133,0.6198564,-1,978.1334,-1,0,0,1578,19918,25
964,95,1.0,-1,1297.0,-1,0,1,1297,1318,27,124,0.6197594,-1,978.60004,-1,0,2,1579,20662,27
965,95,1.0,-1,1298.0,-1,1,0,1298,1338,31,128,0.6194515,-1,978.7334,-1,1,0,1580,21295,31
966,97,1.0,-1,1298.0,-1,0,0,1298,1312,20,129,0.61974686,-1,979.2001,-1,0,2,1580,20514,20
967,103,0.99999994,-1,1299.0,-1,0,1,1299,1217,22,137,0.61987346,-1,979.4001,-1,0,1,1580,19342,22
968,109,0.99999994,-1,1299.0,-1,0,0,1299,1286,18,155,0.61991566,-1,979.46674,-1,0,1,1580,20346,18
969,89,0.99999994,-1,1299.0,-1,0,0,1299,1410,23,126,0.61995786,-1,979.53345,-1,0,1,1580,21782,23
970,89,0.99999994,-1,1299.0,-1,1,0,1299,1436,22,132,0.61995786,-1,979.53345,-1,1,0,1580,22364,22
971,101,0.99999994,-1,1299.0,-1,0,0,1299,1295,22,137,0.62012666,-1,979.8001,-1,0,3,1580,20473,22
972,107,1.0,-1,1300.0,-1,0,1,1300,1271,21,151,0.6199873,-1,980.2,-1,0,1,1581,20221,21
973,90,1.0,-1,1301.0,-1,0,1,1301,1406,23,138,0.6201982,-1,980.5334,-1,0,4,1581,21769,23
974,106,1.0,-1,1301.0,-1,0,0,1301,1209,29,142,0.62032473,-1,980.7334,-1,0,1,1581,19383,29
975,93,1.0,-1,1301.0,-1,0,0,1301,1307,25,136,0.6199748,-1,980.80005,-1,0,1,1582,20164,25
976,85,1.0,-1,1301.0,-1,1,0,1301,1287,35,123,0.6200169,-1,980.8667,-1,1,1,1582,19110,35
977,105,1.0,-1,1301.0,-1,1,0,1301,1269,21,135,0.6200169,-1,980.8667,-1,1,0,1582,19414,21
978,84,1.0,-1,1302.0,-1,0,1,1302,1406,26,125,0.62035406,-1,981.4001,-1,0,2,1582,21593,26
979,104,1.0,-1,1302.0,-1,0,0,1302,1260,24,140,0.6200463,-1,981.5334,-1,0,2,1583,20212,24
980,81,1.0,-1,1302.0,-1,0,0,1302,1381,31,124,0.6204675,-1,982.2001,-1,0,3,1583,21066,31
981,95,1.0,-1,1302.0,-1,0,0,1302,1332,24,130,0.6205517,-1,982.3334,-1,0,1,1583,21096,24
982,97,1.0,-1,1304.0,-1,0,2,1304,1414,15,138,0.6207492,-1,983.2667,-1,0,2,1584,21649,15
983,91,1.0,-1,1304.0,-1,1,0,1304,1390,25,132,0.6207492,-1,983.2667,-1,1,0,1584,21452,25
984,97,1.0,-1,1304.0,-1,0,0,1304,1292,25,128,0.62079126,-1,983.3334,-1,0,1,1584,20592,25
985,106,1.0,-1,1304.0,-1,0,0,1304,1329,17,151,0.6210726,-1,984.4001,-1,0,4,1585,20626,17
986,90,1.0,-1,1304.0,-1,0,0,1304,1328,25,131,0.6210726,-1,984.4001,-1,0,0,1585,21073,25
987,88,1.0,-1,1304.0,-1,0,0,1304,1300,29,125,0.6211147,-1,984.46674,-1,0,1,1585,20434,29
988,105,1.0,-1,1305.0,-1,0,1,1305,1323,24,146,0.62187177,-1,985.66675,-1,0,3,1585,20483,24
989,94,1.0,-1,1306.0,-1,0,1,1306,1402,19,131,0.6219979,-1,985.8667,-1,0,2,1585,21507,19
990,98,1.0,-1,1306.0,-1,0,0,1306,1340,27,133,0.6219979,-1,985.8667,-1,0,0,1585,21107,27
991,98,1.0,-1,1306.0,-1,0,0,1306,1321,25,132,0.62185794,-1,986.2667,-1,0,3,1586,21004,25
992,93,1.0,-1,1306.0,-1,0,0,1306,1369,21,133,0.6222783,-1,986.93335,-1,0,2,1586,21138,21
993,96,1.0,-1,1307.0,-1,0,1,1307,1235,30,124,0.6227407,-1,987.66675,-1,0,2,1586,19692,30
994,102,1.0,-1,1308.0,-1,0,1,1308,1320,16,148,0.6228247,-1,987.80005,-1,0,2,1586,21058,16
995,103,1.0,-1,1308.0,-1,0,0,1308,1261,25,135,0.62286675,-1,987.8667,-1,0,1,1586,20210,25
996,82,1.0,-1,1308.0,-1,0,0,1308,1392,24,130,0.62290883,-1,987.9334,-1,0,1,1586,21738,24
997,88,1.0,-1,1310.0,-1,0,2,1310,1393,28,136,0.62310445,-1,988.86676,-1,0,1,1587,20928,28
998,97,1.0,-1,1310.0,-1,0,0,1310,1354,24,137,0.62310445,-1,988.86676,-1,0,0,1587,21167,24
999,80,1.0,-1,1310.0,-1,0,0,1310,1373,30,128,0.62310445,-1,988.86676,-1,0,0,1587,21000,30
1000,107,0.99999994,0.4745808,1312.0,622.65,0,2,1312,1228,26,146,0.62310445,0.5798362,988.86676,920.2,0,0,1587,19675,26
